n,dt,duration,steps,cpu_seconds,newton_total,newton_per_step,outlet_pressure,linepack,max_mass_defect,repetition,wall_seconds
10,60.0,1200.0,20,0.00039400000000000004,40,2.0,7846849.695993288,4799636.182207811,2.4018120825530787e-11,0,0.0022409118246287107
10,60.0,1200.0,20,0.00041399999999999987,40,2.0,7846849.695993288,4799636.182207811,2.4018120825530787e-11,1,0.0018255729228258133
10,60.0,1200.0,20,0.00037600000000000003,40,2.0,7846849.695993288,4799636.182207811,2.4018120825530787e-11,2,0.0016430469695478678
10,60.0,1200.0,20,0.00037799999999999997,40,2.0,7846849.695993288,4799636.182207811,2.4018120825530787e-11,3,0.0016316110268235207
10,60.0,1200.0,20,0.00038600000000000006,40,2.0,7846849.695993288,4799636.182207811,2.4018120825530787e-11,4,0.0016259020194411278
10,30.0,1200.0,40,0.000702,80,2.0,7846843.923500171,4799634.042864901,7.368772259042089e-11,0,0.0019666969310492277
10,30.0,1200.0,40,0.0007109999999999999,80,2.0,7846843.923500171,4799634.042864901,7.368772259042089e-11,1,0.0020240219309926033
10,30.0,1200.0,40,0.000735,80,2.0,7846843.923500171,4799634.042864901,7.368772259042089e-11,2,0.0021814960055053234
10,30.0,1200.0,40,0.000711,80,2.0,7846843.923500171,4799634.042864901,7.368772259042089e-11,3,0.0022453421261161566
10,30.0,1200.0,40,0.000693,80,2.0,7846843.923500171,4799634.042864901,7.368772259042089e-11,4,0.0020842028316110373
10,15.0,1200.0,80,0.0013869999999999998,160,2.0,7846840.867291184,4799632.902095117,1.7321477585596767e-10,0,0.0027045600581914186
10,15.0,1200.0,80,0.001385,160,2.0,7846840.867291184,4799632.902095117,1.7321477585596767e-10,1,0.002679593162611127
10,15.0,1200.0,80,0.0013549999999999999,160,2.0,7846840.867291184,4799632.902095117,1.7321477585596767e-10,2,0.0025824669282883406
10,15.0,1200.0,80,0.0016209999999999998,160,2.0,7846840.867291184,4799632.902095117,1.7321477585596767e-10,3,0.003009116044268012
10,15.0,1200.0,80,0.0018609999999999998,160,2.0,7846840.867291184,4799632.902095117,1.7321477585596767e-10,4,0.0036490168422460556
20,60.0,1200.0,20,0.0014199999999999998,40,2.0,7846837.931889041,4799634.747205362,2.7911561950588748e-11,0,0.0029223139863461256
20,60.0,1200.0,20,0.001264,40,2.0,7846837.931889041,4799634.747205362,2.7911561950588748e-11,1,0.0026179850101470947
20,60.0,1200.0,20,0.0013809999999999998,40,2.0,7846837.931889041,4799634.747205362,2.7911561950588748e-11,2,0.0027196200098842382
20,60.0,1200.0,20,0.001335,40,2.0,7846837.931889041,4799634.747205362,2.7911561950588748e-11,3,0.0028351000510156155
20,60.0,1200.0,20,0.001265,40,2.0,7846837.931889041,4799634.747205362,2.7911561950588748e-11,4,0.002755481982603669
20,30.0,1200.0,40,0.0024649999999999997,80,2.0,7846832.167573113,4799632.5963733075,5.78146419627501e-11,0,0.003958874149248004
20,30.0,1200.0,40,0.0023599999999999997,80,2.0,7846832.167573113,4799632.5963733075,5.78146419627501e-11,1,0.0037705821450799704
20,30.0,1200.0,40,0.002361,80,2.0,7846832.167573113,4799632.5963733075,5.78146419627501e-11,2,0.0036443949211388826
20,30.0,1200.0,40,0.0031469999999999996,80,2.0,7846832.167573113,4799632.5963733075,5.78146419627501e-11,3,0.004629540955647826
20,30.0,1200.0,40,0.0023859999999999997,80,2.0,7846832.167573113,4799632.5963733075,5.78146419627501e-11,4,0.004161428892984986
20,15.0,1200.0,80,0.004725,160,2.0,7846829.116864583,4799631.448528701,1.7031087651275811e-10,0,0.006278007989749312
20,15.0,1200.0,80,0.00466,160,2.0,7846829.116864583,4799631.448528701,1.7031087651275811e-10,1,0.006193724926561117
20,15.0,1200.0,80,0.005058,160,2.0,7846829.116864583,4799631.448528701,1.7031087651275811e-10,2,0.00669793295674026
20,15.0,1200.0,80,0.0046689999999999995,160,2.0,7846829.116864583,4799631.448528701,1.7031087651275811e-10,3,0.006137418793514371
20,15.0,1200.0,80,0.0048059999999999995,160,2.0,7846829.116864583,4799631.448528701,1.7031087651275811e-10,4,0.00630743894726038
40,60.0,1200.0,20,0.005881999999999999,40,2.0,7846835.033351316,4799634.388415024,5.915001821676924e-11,0,0.007432434940710664
40,60.0,1200.0,20,0.0060999999999999995,40,2.0,7846835.033351316,4799634.388415024,5.915001821676924e-11,1,0.007634681882336736
40,60.0,1200.0,20,0.005898,40,2.0,7846835.033351316,4799634.388415024,5.915001821676924e-11,2,0.007553541800007224
40,60.0,1200.0,20,0.006261,40,2.0,7846835.033351316,4799634.388415024,5.915001821676924e-11,3,0.008141431026160717
40,60.0,1200.0,20,0.005814,40,2.0,7846835.033351316,4799634.388415024,5.915001821676924e-11,4,0.007383028045296669
40,30.0,1200.0,40,0.011597,80,2.0,7846829.235468048,4799632.234655739,1.1466028126960737e-10,0,0.013093911111354828
40,30.0,1200.0,40,0.012927,80,2.0,7846829.235468048,4799632.234655739,1.1466028126960737e-10,1,0.014558697119355202
40,30.0,1200.0,40,0.01238,80,2.0,7846829.235468048,4799632.234655739,1.1466028126960737e-10,2,0.014313719933852553
40,30.0,1200.0,40,0.0116,80,2.0,7846829.235468048,4799632.234655739,1.1466028126960737e-10,3,0.01333159115165472
40,30.0,1200.0,40,0.012830999999999999,80,2.0,7846829.235468048,4799632.234655739,1.1466028126960737e-10,4,0.014677429106086493
40,15.0,1200.0,80,0.024179,160,2.0,7846826.186899704,4799631.085076578,2.631930229313184e-10,0,0.025851578917354345
40,15.0,1200.0,80,0.023385,160,2.0,7846826.186899704,4799631.085076578,2.631930229313184e-10,1,0.025153546826913953
40,15.0,1200.0,80,0.022979,160,2.0,7846826.186899704,4799631.085076578,2.631930229313184e-10,2,0.024627996142953634
40,15.0,1200.0,80,0.02864,160,2.0,7846826.186899704,4799631.085076578,2.631930229313184e-10,3,0.030341540928930044
40,15.0,1200.0,80,0.023179,160,2.0,7846826.186899704,4799631.085076578,2.631930229313184e-10,4,0.024937248090282083
80,60.0,1200.0,20,0.039401,40,2.0,7846834.296124946,4799634.298717081,5.282263515482555e-11,0,0.04109300393611193
80,60.0,1200.0,20,0.038902,40,2.0,7846834.296124946,4799634.298717081,5.282263515482555e-11,1,0.04059870191849768
80,60.0,1200.0,20,0.042714999999999996,40,2.0,7846834.296124946,4799634.298717081,5.282263515482555e-11,2,0.050131225027143955
80,60.0,1200.0,20,0.041139999999999996,40,2.0,7846834.296124946,4799634.298717081,5.282263515482555e-11,3,0.04317081510089338
80,60.0,1200.0,20,0.04813099999999999,40,2.0,7846834.296124946,4799634.298717081,5.282263515482555e-11,4,0.050101432017982006
80,30.0,1200.0,40,0.138621,80,2.0,7846828.502854864,4799632.1442238195,1.2584089326139747e-10,0,0.1565872651990503
80,30.0,1200.0,40,0.12037999999999999,80,2.0,7846828.502854864,4799632.1442238195,1.2584089326139747e-10,1,0.12558947503566742
80,30.0,1200.0,40,0.14403799999999997,80,2.0,7846828.502854864,4799632.1442238195,1.2584089326139747e-10,2,0.15044092806056142
80,30.0,1200.0,40,0.09999,80,2.0,7846828.502854864,4799632.1442238195,1.2584089326139747e-10,3,0.10276148398406804
80,30.0,1200.0,40,0.08109000000000001,80,2.0,7846828.502854864,4799632.1442238195,1.2584089326139747e-10,4,0.08280795789323747
80,15.0,1200.0,80,0.17517,160,2.0,7846825.454840281,4799630.994210117,2.499382922849236e-10,0,0.17694063601084054
80,15.0,1200.0,80,0.15424,160,2.0,7846825.454840281,4799630.994210117,2.499382922849236e-10,1,0.15600403607822955
80,15.0,1200.0,80,0.185527,160,2.0,7846825.454840281,4799630.994210117,2.499382922849236e-10,2,0.18751594703644514
80,15.0,1200.0,80,0.16544099999999998,160,2.0,7846825.454840281,4799630.994210117,2.499382922849236e-10,3,0.16739221708849072
80,15.0,1200.0,80,0.167604,160,2.0,7846825.454840281,4799630.994210117,2.499382922849236e-10,4,0.17005874193273485
100,60.0,1200.0,20,0.080647,40,2.0,7846834.206117457,4799634.287953336,7.206812924209771e-11,0,0.0824103569611907
100,60.0,1200.0,20,0.07954299999999999,40,2.0,7846834.206117457,4799634.287953336,7.206812924209771e-11,1,0.08121444284915924
100,60.0,1200.0,20,0.080374,40,2.0,7846834.206117457,4799634.287953336,7.206812924209771e-11,2,0.08208352304063737
100,60.0,1200.0,20,0.079546,40,2.0,7846834.206117457,4799634.287953336,7.206812924209771e-11,3,0.08121231500990689
100,60.0,1200.0,20,0.079584,40,2.0,7846834.206117457,4799634.287953336,7.206812924209771e-11,4,0.08123690006323159
100,30.0,1200.0,40,0.16380899999999998,80,2.0,7846828.414962115,4799632.133371939,1.0273581985131841e-10,0,0.1655437860172242
100,30.0,1200.0,40,0.160429,80,2.0,7846828.414962115,4799632.133371939,1.0273581985131841e-10,1,0.1625335579738021
100,30.0,1200.0,40,0.159347,80,2.0,7846828.414962115,4799632.133371939,1.0273581985131841e-10,2,0.1610854489263147
100,30.0,1200.0,40,0.157744,80,2.0,7846828.414962115,4799632.133371939,1.0273581985131841e-10,3,0.16037009889259934
100,30.0,1200.0,40,0.15994599999999998,80,2.0,7846828.414962115,4799632.133371939,1.0273581985131841e-10,4,0.1616057208739221
100,15.0,1200.0,80,0.32359699999999997,160,2.0,7846825.367004142,4799630.9833060475,3.9576297794496895e-10,0,0.325337179005146
100,15.0,1200.0,80,0.32038799999999995,160,2.0,7846825.367004142,4799630.9833060475,3.9576297794496895e-10,1,0.3220918118022382
100,15.0,1200.0,80,0.315946,160,2.0,7846825.367004142,4799630.9833060475,3.9576297794496895e-10,2,0.317599177127704
100,15.0,1200.0,80,0.320851,160,2.0,7846825.367004142,4799630.9833060475,3.9576297794496895e-10,3,0.3225109470076859
100,15.0,1200.0,80,0.318083,160,2.0,7846825.367004142,4799630.9833060475,3.9576297794496895e-10,4,0.3198425320442766
