n,dt,duration,steps,cpu_seconds,newton_total,newton_per_step,outlet_pressure,linepack,max_mass_defect,repetition,wall_seconds
10,60.0,1200.0,20,0.00023999999999999998,40,2.0,7846849.695993288,4799636.182207811,2.4018120825530787e-11,0,0.0019121600780636072
10,60.0,1200.0,20,0.0002360000000000001,40,2.0,7846849.695993288,4799636.182207811,2.4018120825530787e-11,1,0.0016387479845434427
10,60.0,1200.0,20,0.00024200000000000003,40,2.0,7846849.695993288,4799636.182207811,2.4018120825530787e-11,2,0.0016173759941011667
10,60.0,1200.0,20,0.0002769999999999999,40,2.0,7846849.695993288,4799636.182207811,2.4018120825530787e-11,3,0.0018276290502399206
10,60.0,1200.0,20,0.00031899999999999984,40,2.0,7846849.695993288,4799636.182207811,2.4018120825530787e-11,4,0.0018154149875044823
10,30.0,1200.0,40,0.0005380000000000001,80,2.0,7846843.923500171,4799634.042864901,7.368772259042089e-11,0,0.0023141340352594852
10,30.0,1200.0,40,0.00046599999999999983,80,2.0,7846843.923500171,4799634.042864901,7.368772259042089e-11,1,0.001963652903214097
10,30.0,1200.0,40,0.00046199999999999995,80,2.0,7846843.923500171,4799634.042864901,7.368772259042089e-11,2,0.0023522048722952604
10,30.0,1200.0,40,0.00046299999999999987,80,2.0,7846843.923500171,4799634.042864901,7.368772259042089e-11,3,0.0019287541508674622
10,30.0,1200.0,40,0.0004599999999999999,80,2.0,7846843.923500171,4799634.042864901,7.368772259042089e-11,4,0.001850486034527421
10,15.0,1200.0,80,0.000913,160,2.0,7846840.867291184,4799632.902095117,1.7321477585596767e-10,0,0.002389434026554227
10,15.0,1200.0,80,0.0009660000000000001,160,2.0,7846840.867291184,4799632.902095117,1.7321477585596767e-10,1,0.0025295231025666
10,15.0,1200.0,80,0.0010130000000000002,160,2.0,7846840.867291184,4799632.902095117,1.7321477585596767e-10,2,0.0026492050383239985
10,15.0,1200.0,80,0.0009039999999999999,160,2.0,7846840.867291184,4799632.902095117,1.7321477585596767e-10,3,0.002500115195289254
10,15.0,1200.0,80,0.0009209999999999999,160,2.0,7846840.867291184,4799632.902095117,1.7321477585596767e-10,4,0.0026168539188802242
20,60.0,1200.0,20,0.0004419999999999999,40,2.0,7846837.931889041,4799634.747205362,2.7911561950588748e-11,0,0.0016498928889632225
20,60.0,1200.0,20,0.00044900000000000007,40,2.0,7846837.931889041,4799634.747205362,2.7911561950588748e-11,1,0.001693319994956255
20,60.0,1200.0,20,0.000429,40,2.0,7846837.931889041,4799634.747205362,2.7911561950588748e-11,2,0.001671419944614172
20,60.0,1200.0,20,0.00044399999999999995,40,2.0,7846837.931889041,4799634.747205362,2.7911561950588748e-11,3,0.0016729191411286592
20,60.0,1200.0,20,0.00044400000000000006,40,2.0,7846837.931889041,4799634.747205362,2.7911561950588748e-11,4,0.0018905489705502987
20,30.0,1200.0,40,0.0009089999999999999,80,2.0,7846832.167573113,4799632.5963733075,5.78146419627501e-11,0,0.0023567830212414265
20,30.0,1200.0,40,0.0008719999999999999,80,2.0,7846832.167573113,4799632.5963733075,5.78146419627501e-11,1,0.002361222170293331
20,30.0,1200.0,40,0.000877,80,2.0,7846832.167573113,4799632.5963733075,5.78146419627501e-11,2,0.002459949115291238
20,30.0,1200.0,40,0.0008569999999999999,80,2.0,7846832.167573113,4799632.5963733075,5.78146419627501e-11,3,0.0021253591403365135
20,30.0,1200.0,40,0.0008629999999999999,80,2.0,7846832.167573113,4799632.5963733075,5.78146419627501e-11,4,0.002096820157021284
20,15.0,1200.0,80,0.001787,160,2.0,7846829.116864583,4799631.448528701,1.7031087651275811e-10,0,0.0030346240382641554
20,15.0,1200.0,80,0.001702,160,2.0,7846829.116864583,4799631.448528701,1.7031087651275811e-10,1,0.003019321011379361
20,15.0,1200.0,80,0.001719,160,2.0,7846829.116864583,4799631.448528701,1.7031087651275811e-10,2,0.0034754369407892227
20,15.0,1200.0,80,0.001733,160,2.0,7846829.116864583,4799631.448528701,1.7031087651275811e-10,3,0.003192272037267685
20,15.0,1200.0,80,0.0018419999999999997,160,2.0,7846829.116864583,4799631.448528701,1.7031087651275811e-10,4,0.0032690088264644146
40,60.0,1200.0,20,0.0008359999999999998,40,2.0,7846835.033351316,4799634.388415024,5.915001821676924e-11,0,0.0021536119747906923
40,60.0,1200.0,20,0.000841,40,2.0,7846835.033351316,4799634.388415024,5.915001821676924e-11,1,0.0021264159586280584
40,60.0,1200.0,20,0.000834,40,2.0,7846835.033351316,4799634.388415024,5.915001821676924e-11,2,0.002209331141784787
40,60.0,1200.0,20,0.0009170000000000001,40,2.0,7846835.033351316,4799634.388415024,5.915001821676924e-11,3,0.0025481509510427713
40,60.0,1200.0,20,0.00084,40,2.0,7846835.033351316,4799634.388415024,5.915001821676924e-11,4,0.0022955629974603653
40,30.0,1200.0,40,0.001654,80,2.0,7846829.235468048,4799632.234655739,1.1466028126960737e-10,0,0.0030065400060266256
40,30.0,1200.0,40,0.001645,80,2.0,7846829.235468048,4799632.234655739,1.1466028126960737e-10,1,0.0029313331469893456
40,30.0,1200.0,40,0.0016809999999999998,80,2.0,7846829.235468048,4799632.234655739,1.1466028126960737e-10,2,0.0030008889734745026
40,30.0,1200.0,40,0.0017029999999999997,80,2.0,7846829.235468048,4799632.234655739,1.1466028126960737e-10,3,0.00317035592161119
40,30.0,1200.0,40,0.0016439999999999998,80,2.0,7846829.235468048,4799632.234655739,1.1466028126960737e-10,4,0.0031615388579666615
40,15.0,1200.0,80,0.0033219999999999994,160,2.0,7846826.186899704,4799631.085076578,2.631930229313184e-10,0,0.004983610939234495
40,15.0,1200.0,80,0.003261,160,2.0,7846826.186899704,4799631.085076578,2.631930229313184e-10,1,0.004555576015263796
40,15.0,1200.0,80,0.003401,160,2.0,7846826.186899704,4799631.085076578,2.631930229313184e-10,2,0.004802017938345671
40,15.0,1200.0,80,0.0032609999999999996,160,2.0,7846826.186899704,4799631.085076578,2.631930229313184e-10,3,0.004722991958260536
40,15.0,1200.0,80,0.003275,160,2.0,7846826.186899704,4799631.085076578,2.631930229313184e-10,4,0.0045865559950470924
80,60.0,1200.0,20,0.001614,40,2.0,7846834.296124946,4799634.298717081,5.282263515482555e-11,0,0.0028802179731428623
80,60.0,1200.0,20,0.0017069999999999998,40,2.0,7846834.296124946,4799634.298717081,5.282263515482555e-11,1,0.003086462151259184
80,60.0,1200.0,20,0.0016129999999999999,40,2.0,7846834.296124946,4799634.298717081,5.282263515482555e-11,2,0.0032733711414039135
80,60.0,1200.0,20,0.0016229999999999999,40,2.0,7846834.296124946,4799634.298717081,5.282263515482555e-11,3,0.0029923839028924704
80,60.0,1200.0,20,0.0016279999999999999,40,2.0,7846834.296124946,4799634.298717081,5.282263515482555e-11,4,0.0028951968997716904
80,30.0,1200.0,40,0.003287,80,2.0,7846828.502854864,4799632.1442238195,1.2584089326139747e-10,0,0.004539689049124718
80,30.0,1200.0,40,0.0033839999999999994,80,2.0,7846828.502854864,4799632.1442238195,1.2584089326139747e-10,1,0.004836718086153269
80,30.0,1200.0,40,0.003252,80,2.0,7846828.502854864,4799632.1442238195,1.2584089326139747e-10,2,0.0052023110911250114
80,30.0,1200.0,40,0.003252,80,2.0,7846828.502854864,4799632.1442238195,1.2584089326139747e-10,3,0.004735779017210007
80,30.0,1200.0,40,0.003286,80,2.0,7846828.502854864,4799632.1442238195,1.2584089326139747e-10,4,0.004858873086050153
80,15.0,1200.0,80,0.006432,160,2.0,7846825.454840281,4799630.994210117,2.499382922849236e-10,0,0.008358819875866175
80,15.0,1200.0,80,0.006547,160,2.0,7846825.454840281,4799630.994210117,2.499382922849236e-10,1,0.008179540978744626
80,15.0,1200.0,80,0.006578,160,2.0,7846825.454840281,4799630.994210117,2.499382922849236e-10,2,0.008595002116635442
80,15.0,1200.0,80,0.00656,160,2.0,7846825.454840281,4799630.994210117,2.499382922849236e-10,3,0.008210878120735288
80,15.0,1200.0,80,0.006385999999999999,160,2.0,7846825.454840281,4799630.994210117,2.499382922849236e-10,4,0.008118878118693829
100,60.0,1200.0,20,0.0020219999999999995,40,2.0,7846834.206117457,4799634.287953336,7.206812924209771e-11,0,0.0035447250120341778
100,60.0,1200.0,20,0.0020670000000000003,40,2.0,7846834.206117457,4799634.287953336,7.206812924209771e-11,1,0.003643362084403634
100,60.0,1200.0,20,0.00269,40,2.0,7846834.206117457,4799634.287953336,7.206812924209771e-11,2,0.004373769974336028
100,60.0,1200.0,20,0.0023289999999999995,40,2.0,7846834.206117457,4799634.287953336,7.206812924209771e-11,3,0.003907486097887158
100,60.0,1200.0,20,0.002025,40,2.0,7846834.206117457,4799634.287953336,7.206812924209771e-11,4,0.0034892759285867214
100,30.0,1200.0,40,0.004906,80,2.0,7846828.414962115,4799632.133371939,1.0273581985131841e-10,0,0.0064761340618133545
100,30.0,1200.0,40,0.0040100000000000005,80,2.0,7846828.414962115,4799632.133371939,1.0273581985131841e-10,1,0.005647605983540416
100,30.0,1200.0,40,0.004233,80,2.0,7846828.414962115,4799632.133371939,1.0273581985131841e-10,2,0.005852211033925414
100,30.0,1200.0,40,0.004101,80,2.0,7846828.414962115,4799632.133371939,1.0273581985131841e-10,3,0.00569703197106719
100,30.0,1200.0,40,0.004057,80,2.0,7846828.414962115,4799632.133371939,1.0273581985131841e-10,4,0.005651867017149925
100,15.0,1200.0,80,0.008983999999999999,160,2.0,7846825.367004142,4799630.9833060475,3.9576297794496895e-10,0,0.01057948893867433
100,15.0,1200.0,80,0.007974,160,2.0,7846825.367004142,4799630.9833060475,3.9576297794496895e-10,1,0.010092457989230752
100,15.0,1200.0,80,0.008882,160,2.0,7846825.367004142,4799630.9833060475,3.9576297794496895e-10,2,0.01117820106446743
100,15.0,1200.0,80,0.008959,160,2.0,7846825.367004142,4799630.9833060475,3.9576297794496895e-10,3,0.010640497086569667
100,15.0,1200.0,80,0.008372000000000001,160,2.0,7846825.367004142,4799630.9833060475,3.9576297794496895e-10,4,0.010021633934229612
