forcing,n,dt,theta,max_rel_pout,max_rel_min,max_rel_linepack,peak_pout,low_pout
1,  40,   60.000, 0.50,  8.17445723E-05,  3.99617941E-03,  3.10516279E-05,  7.85813390E+06,  7.84450701E+06
1,  40,   60.000, 0.55,  7.36707810E-05,  3.40022412E-03,  2.86532735E-05,  7.85813390E+06,  7.84450455E+06
1,  40,   60.000, 0.60,  6.58485927E-05,  2.94675420E-03,  2.66727767E-05,  7.85813390E+06,  7.84451075E+06
1,  40,   60.000, 0.65,  5.82408885E-05,  2.58243867E-03,  2.47561505E-05,  7.85813390E+06,  7.84451694E+06
1,  40,   60.000, 0.70,  5.35827095E-05,  2.27394729E-03,  2.28843809E-05,  7.85813390E+06,  7.84452310E+06
1,  40,   60.000, 0.80,  4.53695625E-05,  2.51372117E-03,  1.92321909E-05,  7.85813390E+06,  7.84453532E+06
1,  40,   60.000, 1.00,  2.79398613E-05,  3.59708942E-03,  1.48645807E-05,  7.85813390E+06,  7.84455943E+06
2,  40,   60.000, 0.50,  3.12107993E-04,  2.58631744E-03,  3.04507292E-05,  7.85813390E+06,  7.84853622E+06
2,  40,   60.000, 0.55,  3.20178605E-04,  3.04199719E-03,  3.35732376E-05,  7.85813390E+06,  7.84864698E+06
2,  40,   60.000, 0.60,  3.27997712E-04,  3.57261399E-03,  3.66950414E-05,  7.85813390E+06,  7.84866095E+06
2,  40,   60.000, 0.65,  3.35602420E-04,  4.04373723E-03,  3.98157175E-05,  7.85813390E+06,  7.84865996E+06
2,  40,   60.000, 0.70,  3.43019673E-04,  4.46296125E-03,  4.29347348E-05,  7.85813390E+06,  7.84865665E+06
2,  40,   60.000, 0.80,  3.57368773E-04,  5.18056517E-03,  4.91652104E-05,  7.85813390E+06,  7.84864909E+06
2,  40,   60.000, 1.00,  3.84477671E-04,  6.31049399E-03,  6.15746058E-05,  7.85813390E+06,  7.84863313E+06
3,  40,   60.000, 0.50,  1.02216445E-06,  1.17343672E-04,  7.55892871E-07,  7.85813390E+06,  7.84493708E+06
3,  40,   60.000, 0.55,  3.44159567E-06,  2.21883432E-04,  2.34804992E-06,  7.85813390E+06,  7.84494406E+06
3,  40,   60.000, 0.60,  6.46969921E-06,  3.91551330E-04,  4.34535977E-06,  7.85813390E+06,  7.84495098E+06
3,  40,   60.000, 0.65,  9.56113371E-06,  5.70815645E-04,  6.38521420E-06,  7.85813390E+06,  7.84495786E+06
3,  40,   60.000, 0.70,  1.26412616E-05,  7.46977465E-04,  8.40548398E-06,  7.85813390E+06,  7.84496469E+06
3,  40,   60.000, 0.80,  1.87626511E-05,  1.10082468E-03,  1.23960158E-05,  7.85813390E+06,  7.84497819E+06
3,  40,   60.000, 1.00,  3.08326772E-05,  1.76437597E-03,  2.03982294E-05,  7.85813390E+06,  7.84500461E+06
