forcing,theta,time,pout,min,linepack
1, 0.50,     0.00,  7.85813390E+06,  1.00000000E+02,  4.80277683E+06
1, 0.50,    60.00,  7.85519716E+06,  1.00000069E+02,  4.80262683E+06
1, 0.50,   120.00,  7.85390086E+06,  1.00001363E+02,  4.80232687E+06
1, 0.50,   180.00,  7.85308329E+06,  1.00012370E+02,  4.80202728E+06
1, 0.50,   240.00,  7.85207865E+06,  1.00067610E+02,  4.80172968E+06
1, 0.50,   300.00,  7.85159048E+06,  1.00247247E+02,  4.80143913E+06
1, 0.50,   360.00,  7.85067920E+06,  1.00636745E+02,  4.80116565E+06
1, 0.50,   420.00,  7.85036429E+06,  1.01190839E+02,  4.80092048E+06
1, 0.50,   480.00,  7.84951870E+06,  1.01674584E+02,  4.80070644E+06
1, 0.50,   540.00,  7.84929243E+06,  1.01914061E+02,  4.80051410E+06
1, 0.50,   600.00,  7.84853622E+06,  1.02070833E+02,  4.80033365E+06
1, 0.50,   660.00,  7.84835339E+06,  1.02369337E+02,  4.80016685E+06
1, 0.50,   720.00,  7.84773187E+06,  1.02674909E+02,  4.80001818E+06
1, 0.50,   780.00,  7.84756469E+06,  1.02811838E+02,  4.79988278E+06
1, 0.50,   840.00,  7.84709358E+06,  1.02963694E+02,  4.79975605E+06
1, 0.50,   900.00,  7.84689671E+06,  1.03212804E+02,  4.79964134E+06
1, 0.50,   960.00,  7.84656298E+06,  1.03352023E+02,  4.79953829E+06
1, 0.50,  1020.00,  7.84632560E+06,  1.03443269E+02,  4.79944215E+06
1, 0.50,  1080.00,  7.84612810E+06,  1.03630950E+02,  4.79935437E+06
1, 0.50,  1140.00,  7.84585407E+06,  1.03746511E+02,  4.79927570E+06
1, 0.50,  1200.00,  7.84575827E+06,  1.03807935E+02,  4.79920233E+06
1, 0.50,  1260.00,  7.84546228E+06,  1.03955806E+02,  4.79913524E+06
1, 0.50,  1320.00,  7.84544275E+06,  1.04040174E+02,  4.79907512E+06
1, 0.50,  1380.00,  7.84514946E+06,  1.04087057E+02,  4.79901894E+06
1, 0.50,  1440.00,  7.84516291E+06,  1.04207989E+02,  4.79896779E+06
1, 0.50,  1500.00,  7.84490012E+06,  1.04258744E+02,  4.79892179E+06
1, 0.50,  1560.00,  7.84491794E+06,  1.04302696E+02,  4.79887863E+06
1, 0.50,  1620.00,  7.84470504E+06,  1.04400761E+02,  4.79883974E+06
1, 0.50,  1680.00,  7.84469811E+06,  1.04422518E+02,  4.79880444E+06
1, 0.50,  1740.00,  7.84455390E+06,  1.04472749E+02,  4.79877129E+06
1, 0.50,  1800.00,  7.84450701E+06,  1.04543238E+02,  4.79874177E+06
1, 0.55,     0.00,  7.85813390E+06,  1.00000000E+02,  4.80277683E+06
1, 0.55,    60.00,  7.85513374E+06,  1.00000162E+02,  4.80261183E+06
1, 0.55,   120.00,  7.85388141E+06,  1.00002712E+02,  4.80231193E+06
1, 0.55,   180.00,  7.85302483E+06,  1.00020802E+02,  4.80201269E+06
1, 0.55,   240.00,  7.85211082E+06,  1.00096939E+02,  4.80171645E+06
1, 0.55,   300.00,  7.85149916E+06,  1.00306380E+02,  4.80142918E+06
1, 0.55,   360.00,  7.85075409E+06,  1.00696960E+02,  4.80116045E+06
1, 0.55,   420.00,  7.85024526E+06,  1.01193001E+02,  4.80091863E+06
1, 0.55,   480.00,  7.84962043E+06,  1.01620528E+02,  4.80070432E+06
1, 0.55,   540.00,  7.84916762E+06,  1.01897753E+02,  4.80051070E+06
1, 0.55,   600.00,  7.84864698E+06,  1.02120947E+02,  4.80033193E+06
1, 0.55,   660.00,  7.84824847E+06,  1.02380455E+02,  4.80016775E+06
1, 0.55,   720.00,  7.84782947E+06,  1.02628368E+02,  4.80001876E+06
1, 0.55,   780.00,  7.84749038E+06,  1.02819423E+02,  4.79988277E+06
1, 0.55,   840.00,  7.84715443E+06,  1.02998231E+02,  4.79975784E+06
1, 0.55,   900.00,  7.84686239E+06,  1.03181133E+02,  4.79964376E+06
1, 0.55,   960.00,  7.84658622E+06,  1.03336954E+02,  4.79953977E+06
1, 0.55,  1020.00,  7.84633702E+06,  1.03474029E+02,  4.79944452E+06
1, 0.55,  1080.00,  7.84611066E+06,  1.03608779E+02,  4.79935740E+06
1, 0.55,  1140.00,  7.84590035E+06,  1.03728150E+02,  4.79927787E+06
1, 0.55,  1200.00,  7.84571187E+06,  1.03833866E+02,  4.79920505E+06
1, 0.55,  1260.00,  7.84553510E+06,  1.03935253E+02,  4.79913843E+06
1, 0.55,  1320.00,  7.84537805E+06,  1.04026203E+02,  4.79907754E+06
1, 0.55,  1380.00,  7.84523031E+06,  1.04107898E+02,  4.79902181E+06
1, 0.55,  1440.00,  7.84509839E+06,  1.04184818E+02,  4.79897082E+06
1, 0.55,  1500.00,  7.84497515E+06,  1.04253956E+02,  4.79892419E+06
1, 0.55,  1560.00,  7.84486443E+06,  1.04316928E+02,  4.79888151E+06
1, 0.55,  1620.00,  7.84476161E+06,  1.04375508E+02,  4.79884246E+06
1, 0.55,  1680.00,  7.84466850E+06,  1.04428250E+02,  4.79880673E+06
1, 0.55,  1740.00,  7.84458277E+06,  1.04476697E+02,  4.79877402E+06
1, 0.55,  1800.00,  7.84450455E+06,  1.04521323E+02,  4.79874410E+06
1, 0.60,     0.00,  7.85813390E+06,  1.00000000E+02,  4.80277683E+06
1, 0.60,    60.00,  7.85507230E+06,  1.00000335E+02,  4.80259684E+06
1, 0.60,   120.00,  7.85385687E+06,  1.00004776E+02,  4.80229702E+06
1, 0.60,   180.00,  7.85297932E+06,  1.00031576E+02,  4.80199827E+06
1, 0.60,   240.00,  7.85211583E+06,  1.00128289E+02,  4.80170365E+06
1, 0.60,   300.00,  7.85145077E+06,  1.00359443E+02,  4.80141967E+06
1, 0.60,   360.00,  7.85076857E+06,  1.00742779E+02,  4.80115503E+06
1, 0.60,   420.00,  7.85020207E+06,  1.01195490E+02,  4.80091590E+06
1, 0.60,   480.00,  7.84963486E+06,  1.01592397E+02,  4.80070192E+06
1, 0.60,   540.00,  7.84913815E+06,  1.01889632E+02,  4.80050816E+06
1, 0.60,   600.00,  7.84866095E+06,  1.02139466E+02,  4.80033053E+06
1, 0.60,   660.00,  7.84823560E+06,  1.02385631E+02,  4.80016776E+06
1, 0.60,   720.00,  7.84784143E+06,  1.02616528E+02,  4.80001921E+06
1, 0.60,   780.00,  7.84748692E+06,  1.02818852E+02,  4.79988349E+06
1, 0.60,   840.00,  7.84716147E+06,  1.03003076E+02,  4.79975925E+06
1, 0.60,   900.00,  7.84686458E+06,  1.03175277E+02,  4.79964563E+06
1, 0.60,   960.00,  7.84659239E+06,  1.03331783E+02,  4.79954178E+06
1, 0.60,  1020.00,  7.84634357E+06,  1.03473674E+02,  4.79944680E+06
1, 0.60,  1080.00,  7.84611620E+06,  1.03604034E+02,  4.79935991E+06
1, 0.60,  1140.00,  7.84590809E+06,  1.03723022E+02,  4.79928044E+06
1, 0.60,  1200.00,  7.84571776E+06,  1.03831421E+02,  4.79920772E+06
1, 0.60,  1260.00,  7.84554353E+06,  1.03930734E+02,  4.79914118E+06
1, 0.60,  1320.00,  7.84538421E+06,  1.04021542E+02,  4.79908030E+06
1, 0.60,  1380.00,  7.84523837E+06,  1.04104488E+02,  4.79902457E+06
1, 0.60,  1440.00,  7.84510493E+06,  1.04180394E+02,  4.79897358E+06
1, 0.60,  1500.00,  7.84498278E+06,  1.04249811E+02,  4.79892690E+06
1, 0.60,  1560.00,  7.84487100E+06,  1.04313295E+02,  4.79888417E+06
1, 0.60,  1620.00,  7.84476867E+06,  1.04371389E+02,  4.79884506E+06
1, 0.60,  1680.00,  7.84467500E+06,  1.04424534E+02,  4.79880926E+06
1, 0.60,  1740.00,  7.84458925E+06,  1.04473160E+02,  4.79877648E+06
1, 0.60,  1800.00,  7.84451075E+06,  1.04517661E+02,  4.79874647E+06
1, 0.65,     0.00,  7.85813390E+06,  1.00000000E+02,  4.80277683E+06
1, 0.65,    60.00,  7.85501255E+06,  1.00000619E+02,  4.80258185E+06
1, 0.65,   120.00,  7.85382899E+06,  1.00007667E+02,  4.80228216E+06
1, 0.65,   180.00,  7.85294108E+06,  1.00044413E+02,  4.80198406E+06
1, 0.65,   240.00,  7.85210766E+06,  1.00160310E+02,  4.80169124E+06
1, 0.65,   300.00,  7.85141976E+06,  1.00406556E+02,  4.80141046E+06
1, 0.65,   360.00,  7.85076285E+06,  1.00779590E+02,  4.80114941E+06
1, 0.65,   420.00,  7.85018015E+06,  1.01200561E+02,  4.80091260E+06
1, 0.65,   480.00,  7.84962971E+06,  1.01578261E+02,  4.80069936E+06
1, 0.65,   540.00,  7.84912681E+06,  1.01884248E+02,  4.80050599E+06
1, 0.65,   600.00,  7.84865996E+06,  1.02146057E+02,  4.80032926E+06
1, 0.65,   660.00,  7.84823375E+06,  1.02388756E+02,  4.80016749E+06
1, 0.65,   720.00,  7.84784407E+06,  1.02613515E+02,  4.80001958E+06
1, 0.65,   780.00,  7.84748921E+06,  1.02817126E+02,  4.79988433E+06
1, 0.65,   840.00,  7.84716515E+06,  1.03002507E+02,  4.79976059E+06
1, 0.65,   900.00,  7.84686884E+06,  1.03172674E+02,  4.79964737E+06
1, 0.65,   960.00,  7.84659766E+06,  1.03328369E+02,  4.79954381E+06
1, 0.65,  1020.00,  7.84634953E+06,  1.03470489E+02,  4.79944905E+06
1, 0.65,  1080.00,  7.84612252E+06,  1.03600365E+02,  4.79936235E+06
1, 0.65,  1140.00,  7.84591479E+06,  1.03719059E+02,  4.79928300E+06
1, 0.65,  1200.00,  7.84572466E+06,  1.03827529E+02,  4.79921037E+06
1, 0.65,  1260.00,  7.84555064E+06,  1.03926715E+02,  4.79914389E+06
1, 0.65,  1320.00,  7.84539136E+06,  1.04017437E+02,  4.79908303E+06
1, 0.65,  1380.00,  7.84524554E+06,  1.04100422E+02,  4.79902731E+06
1, 0.65,  1440.00,  7.84511205E+06,  1.04176341E+02,  4.79897630E+06
1, 0.65,  1500.00,  7.84498982E+06,  1.04245806E+02,  4.79892959E+06
1, 0.65,  1560.00,  7.84487791E+06,  1.04309372E+02,  4.79888682E+06
1, 0.65,  1620.00,  7.84477543E+06,  1.04367547E+02,  4.79884765E+06
1, 0.65,  1680.00,  7.84468159E+06,  1.04420794E+02,  4.79881178E+06
1, 0.65,  1740.00,  7.84459565E+06,  1.04469535E+02,  4.79877893E+06
1, 0.65,  1800.00,  7.84451694E+06,  1.04514154E+02,  4.79874884E+06
1, 0.70,     0.00,  7.85813390E+06,  1.00000000E+02,  4.80277683E+06
1, 0.70,    60.00,  7.85495427E+06,  1.00001053E+02,  4.80256687E+06
1, 0.70,   120.00,  7.85379885E+06,  1.00011449E+02,  4.80226737E+06
1, 0.70,   180.00,  7.85290705E+06,  1.00058955E+02,  4.80197005E+06
1, 0.70,   240.00,  7.85209282E+06,  1.00192096E+02,  4.80167918E+06
1, 0.70,   300.00,  7.85139599E+06,  1.00448480E+02,  4.80140148E+06
1, 0.70,   360.00,  7.85075027E+06,  1.00810760E+02,  4.80114360E+06
1, 0.70,   420.00,  7.85016441E+06,  1.01208104E+02,  4.80090894E+06
1, 0.70,   480.00,  7.84962036E+06,  1.01571948E+02,  4.80069670E+06
1, 0.70,   540.00,  7.84911899E+06,  1.01880570E+02,  4.80050398E+06
1, 0.70,   600.00,  7.84865665E+06,  1.02148086E+02,  4.80032805E+06
1, 0.70,   660.00,  7.84823287E+06,  1.02390454E+02,  4.80016712E+06
1, 0.70,   720.00,  7.84784545E+06,  1.02612723E+02,  4.80001988E+06
1, 0.70,   780.00,  7.84749177E+06,  1.02815649E+02,  4.79988517E+06
1, 0.70,   840.00,  7.84716866E+06,  1.03000877E+02,  4.79976188E+06
1, 0.70,   900.00,  7.84687319E+06,  1.03170337E+02,  4.79964905E+06
1, 0.70,   960.00,  7.84660281E+06,  1.03325390E+02,  4.79954579E+06
1, 0.70,  1020.00,  7.84635532E+06,  1.03467161E+02,  4.79945126E+06
1, 0.70,  1080.00,  7.84612878E+06,  1.03596765E+02,  4.79936474E+06
1, 0.70,  1140.00,  7.84592139E+06,  1.03715257E+02,  4.79928552E+06
1, 0.70,  1200.00,  7.84573151E+06,  1.03823612E+02,  4.79921299E+06
1, 0.70,  1260.00,  7.84555765E+06,  1.03922724E+02,  4.79914657E+06
1, 0.70,  1320.00,  7.84539845E+06,  1.04013402E+02,  4.79908574E+06
1, 0.70,  1380.00,  7.84525265E+06,  1.04096381E+02,  4.79903003E+06
1, 0.70,  1440.00,  7.84511911E+06,  1.04172323E+02,  4.79897900E+06
1, 0.70,  1500.00,  7.84499681E+06,  1.04241837E+02,  4.79893226E+06
1, 0.70,  1560.00,  7.84488478E+06,  1.04305472E+02,  4.79888944E+06
1, 0.70,  1620.00,  7.84478215E+06,  1.04363732E+02,  4.79885022E+06
1, 0.70,  1680.00,  7.84468814E+06,  1.04417078E+02,  4.79881428E+06
1, 0.70,  1740.00,  7.84460201E+06,  1.04465928E+02,  4.79878136E+06
1, 0.70,  1800.00,  7.84452310E+06,  1.04510664E+02,  4.79875119E+06
1, 0.80,     0.00,  7.85813390E+06,  1.00000000E+02,  4.80277683E+06
1, 0.80,    60.00,  7.85484152E+06,  1.00002514E+02,  4.80253695E+06
1, 0.80,   120.00,  7.85373435E+06,  1.00021751E+02,  4.80223802E+06
1, 0.80,   180.00,  7.85284550E+06,  1.00091704E+02,  4.80194269E+06
1, 0.80,   240.00,  7.85205434E+06,  1.00253072E+02,  4.80165593E+06
1, 0.80,   300.00,  7.85135586E+06,  1.00520242E+02,  4.80138394E+06
1, 0.80,   360.00,  7.85071995E+06,  1.00863319E+02,  4.80113162E+06
1, 0.80,   420.00,  7.85013736E+06,  1.01228144E+02,  4.80090093E+06
1, 0.80,   480.00,  7.84960028E+06,  1.01571592E+02,  4.80069111E+06
1, 0.80,   540.00,  7.84910500E+06,  1.01877456E+02,  4.80050009E+06
1, 0.80,   600.00,  7.84864909E+06,  1.02148247E+02,  4.80032573E+06
1, 0.80,   660.00,  7.84823057E+06,  1.02391282E+02,  4.80016629E+06
1, 0.80,   720.00,  7.84784720E+06,  1.02611932E+02,  4.80002036E+06
1, 0.80,   780.00,  7.84749640E+06,  1.02813272E+02,  4.79988674E+06
1, 0.80,   840.00,  7.84717547E+06,  1.02997315E+02,  4.79976437E+06
1, 0.80,   900.00,  7.84688177E+06,  1.03165673E+02,  4.79965229E+06
1, 0.80,   960.00,  7.84661287E+06,  1.03319735E+02,  4.79954963E+06
1, 0.80,  1020.00,  7.84636660E+06,  1.03460725E+02,  4.79945558E+06
1, 0.80,  1080.00,  7.84614101E+06,  1.03589753E+02,  4.79936941E+06
1, 0.80,  1140.00,  7.84593433E+06,  1.03707837E+02,  4.79929047E+06
1, 0.80,  1200.00,  7.84574496E+06,  1.03815918E+02,  4.79921813E+06
1, 0.80,  1260.00,  7.84557143E+06,  1.03914859E+02,  4.79915183E+06
1, 0.80,  1320.00,  7.84541240E+06,  1.04005449E+02,  4.79909107E+06
1, 0.80,  1380.00,  7.84526665E+06,  1.04088407E+02,  4.79903538E+06
1, 0.80,  1440.00,  7.84513307E+06,  1.04164389E+02,  4.79898433E+06
1, 0.80,  1500.00,  7.84501062E+06,  1.04233989E+02,  4.79893753E+06
1, 0.80,  1560.00,  7.84489837E+06,  1.04297753E+02,  4.79889463E+06
1, 0.80,  1620.00,  7.84479546E+06,  1.04356176E+02,  4.79885530E+06
1, 0.80,  1680.00,  7.84470112E+06,  1.04409710E+02,  4.79881924E+06
1, 0.80,  1740.00,  7.84461463E+06,  1.04458769E+02,  4.79878618E+06
1, 0.80,  1800.00,  7.84453532E+06,  1.04503732E+02,  4.79875587E+06
1, 1.00,     0.00,  7.85813390E+06,  1.00000000E+02,  4.80277683E+06
1, 1.00,    60.00,  7.85462850E+06,  1.00008686E+02,  4.80247735E+06
1, 1.00,   120.00,  7.85359746E+06,  1.00052258E+02,  4.80218048E+06
1, 1.00,   180.00,  7.85273169E+06,  1.00164102E+02,  4.80189033E+06
1, 1.00,   240.00,  7.85196712E+06,  1.00361411E+02,  4.80161202E+06
1, 1.00,   300.00,  7.85128128E+06,  1.00633237E+02,  4.80135001E+06
1, 1.00,   360.00,  7.85065793E+06,  1.00949106E+02,  4.80110696E+06
1, 1.00,   420.00,  7.85008686E+06,  1.01276298E+02,  4.80088353E+06
1, 1.00,   480.00,  7.84956166E+06,  1.01591602E+02,  4.80067903E+06
1, 1.00,   540.00,  7.84907811E+06,  1.01883624E+02,  4.80049205E+06
1, 1.00,   600.00,  7.84863313E+06,  1.02149457E+02,  4.80032101E+06
1, 1.00,   660.00,  7.84822408E+06,  1.02390430E+02,  4.80016444E+06
1, 1.00,   720.00,  7.84784845E+06,  1.02609206E+02,  4.80002099E+06
1, 1.00,   780.00,  7.84750380E+06,  1.02808427E+02,  4.79988950E+06
1, 1.00,   840.00,  7.84718769E+06,  1.02990315E+02,  4.79976892E+06
1, 1.00,   900.00,  7.84689781E+06,  1.03156674E+02,  4.79965832E+06
1, 1.00,   960.00,  7.84663196E+06,  1.03308990E+02,  4.79955686E+06
1, 1.00,  1020.00,  7.84638812E+06,  1.03448532E+02,  4.79946377E+06
1, 1.00,  1080.00,  7.84616444E+06,  1.03576416E+02,  4.79937835E+06
1, 1.00,  1140.00,  7.84595922E+06,  1.03693640E+02,  4.79929997E+06
1, 1.00,  1200.00,  7.84577091E+06,  1.03801108E+02,  4.79922804E+06
1, 1.00,  1260.00,  7.84559809E+06,  1.03899648E+02,  4.79916202E+06
1, 1.00,  1320.00,  7.84543949E+06,  1.03990011E+02,  4.79910142E+06
1, 1.00,  1380.00,  7.84529391E+06,  1.04072889E+02,  4.79904579E+06
1, 1.00,  1440.00,  7.84516027E+06,  1.04148910E+02,  4.79899473E+06
1, 1.00,  1500.00,  7.84503760E+06,  1.04218650E+02,  4.79894785E+06
1, 1.00,  1560.00,  7.84492498E+06,  1.04282636E+02,  4.79890480E+06
1, 1.00,  1620.00,  7.84482158E+06,  1.04341349E+02,  4.79886528E+06
1, 1.00,  1680.00,  7.84472664E+06,  1.04395228E+02,  4.79882900E+06
1, 1.00,  1740.00,  7.84463948E+06,  1.04444676E+02,  4.79879568E+06
1, 1.00,  1800.00,  7.84455943E+06,  1.04490062E+02,  4.79876508E+06
2, 0.50,     0.00,  7.85813390E+06,  1.00000000E+02,  4.80277683E+06
2, 0.50,    60.00,  7.85813390E+06,  1.00000000E+02,  4.80277683E+06
2, 0.50,   120.00,  7.85813390E+06,  1.00000000E+02,  4.80277683E+06
2, 0.50,   180.00,  7.85813390E+06,  1.00000000E+02,  4.80277683E+06
2, 0.50,   240.00,  7.85813390E+06,  1.00000000E+02,  4.80277683E+06
2, 0.50,   300.00,  7.85519716E+06,  1.00000069E+02,  4.80262683E+06
2, 0.50,   360.00,  7.85390086E+06,  1.00001363E+02,  4.80232687E+06
2, 0.50,   420.00,  7.85308329E+06,  1.00012370E+02,  4.80202728E+06
2, 0.50,   480.00,  7.85207865E+06,  1.00067610E+02,  4.80172968E+06
2, 0.50,   540.00,  7.85159048E+06,  1.00247247E+02,  4.80143913E+06
2, 0.50,   600.00,  7.85067920E+06,  1.00636745E+02,  4.80116565E+06
2, 0.50,   660.00,  7.85036429E+06,  1.01190839E+02,  4.80092048E+06
2, 0.50,   720.00,  7.84951870E+06,  1.01674584E+02,  4.80070644E+06
2, 0.50,   780.00,  7.84929243E+06,  1.01914061E+02,  4.80051410E+06
2, 0.50,   840.00,  7.84853622E+06,  1.02070833E+02,  4.80033365E+06
2, 0.50,   900.00,  7.85129981E+06,  1.02369273E+02,  4.80031685E+06
2, 0.50,   960.00,  7.85197584E+06,  1.02673635E+02,  4.80046814E+06
2, 0.50,  1020.00,  7.85262786E+06,  1.02800236E+02,  4.80063235E+06
2, 0.50,  1080.00,  7.85316890E+06,  1.02899971E+02,  4.80080336E+06
2, 0.50,  1140.00,  7.85346142E+06,  1.02978156E+02,  4.80097970E+06
2, 0.50,  1200.00,  7.85404322E+06,  1.02742110E+02,  4.80115131E+06
2, 0.50,  1260.00,  7.85412324E+06,  1.02290563E+02,  4.80130229E+06
2, 0.50,  1320.00,  7.85477437E+06,  1.01994741E+02,  4.80143085E+06
2, 0.50,  1380.00,  7.85472924E+06,  1.01865377E+02,  4.80154665E+06
2, 0.50,  1440.00,  7.85539326E+06,  1.01768632E+02,  4.80165567E+06
2, 0.50,  1500.00,  7.85528214E+06,  1.01616988E+02,  4.80175724E+06
2, 0.50,  1560.00,  7.85588876E+06,  1.01389333E+02,  4.80184743E+06
2, 0.50,  1620.00,  7.85576361E+06,  1.01296445E+02,  4.80192801E+06
2, 0.50,  1680.00,  7.85625172E+06,  1.01265742E+02,  4.80200487E+06
2, 0.50,  1740.00,  7.85618662E+06,  1.01059733E+02,  4.80207464E+06
2, 0.50,  1800.00,  7.85654049E+06,  1.00960876E+02,  4.80213525E+06
2, 0.55,     0.00,  7.85813390E+06,  1.00000000E+02,  4.80277683E+06
2, 0.55,    60.00,  7.85813390E+06,  1.00000000E+02,  4.80277683E+06
2, 0.55,   120.00,  7.85813390E+06,  1.00000000E+02,  4.80277683E+06
2, 0.55,   180.00,  7.85813390E+06,  1.00000000E+02,  4.80277683E+06
2, 0.55,   240.00,  7.85813390E+06,  1.00000000E+02,  4.80277683E+06
2, 0.55,   300.00,  7.85513374E+06,  1.00000162E+02,  4.80261183E+06
2, 0.55,   360.00,  7.85388141E+06,  1.00002712E+02,  4.80231193E+06
2, 0.55,   420.00,  7.85302483E+06,  1.00020802E+02,  4.80201269E+06
2, 0.55,   480.00,  7.85211082E+06,  1.00096939E+02,  4.80171645E+06
2, 0.55,   540.00,  7.85149916E+06,  1.00306380E+02,  4.80142918E+06
2, 0.55,   600.00,  7.85075409E+06,  1.00696960E+02,  4.80116045E+06
2, 0.55,   660.00,  7.85024526E+06,  1.01193001E+02,  4.80091863E+06
2, 0.55,   720.00,  7.84962043E+06,  1.01620528E+02,  4.80070432E+06
2, 0.55,   780.00,  7.84916762E+06,  1.01897753E+02,  4.80051070E+06
2, 0.55,   840.00,  7.84864698E+06,  1.02120947E+02,  4.80033193E+06
2, 0.55,   900.00,  7.85125876E+06,  1.02380303E+02,  4.80033275E+06
2, 0.55,   960.00,  7.85209467E+06,  1.02625827E+02,  4.80048367E+06
2, 0.55,  1020.00,  7.85261425E+06,  1.02799864E+02,  4.80064696E+06
2, 0.55,  1080.00,  7.85319825E+06,  1.02906608E+02,  4.80081848E+06
2, 0.55,  1140.00,  7.85352009E+06,  1.02889490E+02,  4.80099231E+06
2, 0.55,  1200.00,  7.85399240E+06,  1.02667665E+02,  4.80115836E+06
2, 0.55,  1260.00,  7.85425469E+06,  1.02317574E+02,  4.80130686E+06
2, 0.55,  1320.00,  7.85465593E+06,  1.02025096E+02,  4.80143627E+06
2, 0.55,  1380.00,  7.85490130E+06,  1.01863834E+02,  4.80155245E+06
2, 0.55,  1440.00,  7.85523649E+06,  1.01744287E+02,  4.80166034E+06
2, 0.55,  1500.00,  7.85546120E+06,  1.01583700E+02,  4.80175969E+06
2, 0.55,  1560.00,  7.85572618E+06,  1.01422755E+02,  4.80184940E+06
2, 0.55,  1620.00,  7.85591998E+06,  1.01310194E+02,  4.80193106E+06
2, 0.55,  1680.00,  7.85612623E+06,  1.01205413E+02,  4.80200621E+06
2, 0.55,  1740.00,  7.85629678E+06,  1.01087758E+02,  4.80207465E+06
2, 0.55,  1800.00,  7.85646368E+06,  1.00991591E+02,  4.80213674E+06
2, 0.60,     0.00,  7.85813390E+06,  1.00000000E+02,  4.80277683E+06
2, 0.60,    60.00,  7.85813390E+06,  1.00000000E+02,  4.80277683E+06
2, 0.60,   120.00,  7.85813390E+06,  1.00000000E+02,  4.80277683E+06
2, 0.60,   180.00,  7.85813390E+06,  1.00000000E+02,  4.80277683E+06
2, 0.60,   240.00,  7.85813390E+06,  1.00000000E+02,  4.80277683E+06
2, 0.60,   300.00,  7.85507230E+06,  1.00000335E+02,  4.80259684E+06
2, 0.60,   360.00,  7.85385687E+06,  1.00004776E+02,  4.80229702E+06
2, 0.60,   420.00,  7.85297932E+06,  1.00031576E+02,  4.80199827E+06
2, 0.60,   480.00,  7.85211583E+06,  1.00128289E+02,  4.80170365E+06
2, 0.60,   540.00,  7.85145077E+06,  1.00359443E+02,  4.80141967E+06
2, 0.60,   600.00,  7.85076857E+06,  1.00742779E+02,  4.80115503E+06
2, 0.60,   660.00,  7.85020207E+06,  1.01195490E+02,  4.80091590E+06
2, 0.60,   720.00,  7.84963486E+06,  1.01592397E+02,  4.80070192E+06
2, 0.60,   780.00,  7.84913815E+06,  1.01889632E+02,  4.80050816E+06
2, 0.60,   840.00,  7.84866095E+06,  1.02139466E+02,  4.80033053E+06
2, 0.60,   900.00,  7.85130789E+06,  1.02385318E+02,  4.80034775E+06
2, 0.60,   960.00,  7.85213244E+06,  1.02612044E+02,  4.80049903E+06
2, 0.60,  1020.00,  7.85265802E+06,  1.02789093E+02,  4.80066213E+06
2, 0.60,  1080.00,  7.85320076E+06,  1.02881507E+02,  4.80083280E+06
2, 0.60,  1140.00,  7.85357159E+06,  1.02832236E+02,  4.80100392E+06
2, 0.60,  1200.00,  7.85398457E+06,  1.02616969E+02,  4.80116610E+06
2, 0.60,  1260.00,  7.85430493E+06,  1.02313396E+02,  4.80131219E+06
2, 0.60,  1320.00,  7.85464750E+06,  1.02047444E+02,  4.80144142E+06
2, 0.60,  1380.00,  7.85493895E+06,  1.01866751E+02,  4.80155776E+06
2, 0.60,  1440.00,  7.85522882E+06,  1.01722919E+02,  4.80166459E+06
2, 0.60,  1500.00,  7.85548291E+06,  1.01573358E+02,  4.80176258E+06
2, 0.60,  1560.00,  7.85572060E+06,  1.01429901E+02,  4.80185182E+06
2, 0.60,  1620.00,  7.85593175E+06,  1.01307186E+02,  4.80193319E+06
2, 0.60,  1680.00,  7.85612588E+06,  1.01195607E+02,  4.80200761E+06
2, 0.60,  1740.00,  7.85630235E+06,  1.01089439E+02,  4.80207552E+06
2, 0.60,  1800.00,  7.85646412E+06,  1.00993182E+02,  4.80213742E+06
2, 0.65,     0.00,  7.85813390E+06,  1.00000000E+02,  4.80277683E+06
2, 0.65,    60.00,  7.85813390E+06,  1.00000000E+02,  4.80277683E+06
2, 0.65,   120.00,  7.85813390E+06,  1.00000000E+02,  4.80277683E+06
2, 0.65,   180.00,  7.85813390E+06,  1.00000000E+02,  4.80277683E+06
2, 0.65,   240.00,  7.85813390E+06,  1.00000000E+02,  4.80277683E+06
2, 0.65,   300.00,  7.85501255E+06,  1.00000619E+02,  4.80258185E+06
2, 0.65,   360.00,  7.85382899E+06,  1.00007667E+02,  4.80228216E+06
2, 0.65,   420.00,  7.85294108E+06,  1.00044413E+02,  4.80198406E+06
2, 0.65,   480.00,  7.85210766E+06,  1.00160310E+02,  4.80169124E+06
2, 0.65,   540.00,  7.85141976E+06,  1.00406556E+02,  4.80141046E+06
2, 0.65,   600.00,  7.85076285E+06,  1.00779590E+02,  4.80114941E+06
2, 0.65,   660.00,  7.85018015E+06,  1.01200561E+02,  4.80091260E+06
2, 0.65,   720.00,  7.84962971E+06,  1.01578261E+02,  4.80069936E+06
2, 0.65,   780.00,  7.84912681E+06,  1.01884248E+02,  4.80050599E+06
2, 0.65,   840.00,  7.84865996E+06,  1.02146057E+02,  4.80032926E+06
2, 0.65,   900.00,  7.85136637E+06,  1.02388175E+02,  4.80036246E+06
2, 0.65,   960.00,  7.85216401E+06,  1.02606303E+02,  4.80051426E+06
2, 0.65,  1020.00,  7.85269983E+06,  1.02775176E+02,  4.80067723E+06
2, 0.65,  1080.00,  7.85321311E+06,  1.02850236E+02,  4.80084666E+06
2, 0.65,  1140.00,  7.85360747E+06,  1.02783790E+02,  4.80101509E+06
2, 0.65,  1200.00,  7.85399599E+06,  1.02576775E+02,  4.80117404E+06
2, 0.65,  1260.00,  7.85433321E+06,  1.02304080E+02,  4.80131801E+06
2, 0.65,  1320.00,  7.85465937E+06,  1.02057070E+02,  4.80144662E+06
2, 0.65,  1380.00,  7.85495738E+06,  1.01867879E+02,  4.80156267E+06
2, 0.65,  1440.00,  7.85523706E+06,  1.01712082E+02,  4.80166866E+06
2, 0.65,  1500.00,  7.85549218E+06,  1.01565786E+02,  4.80176568E+06
2, 0.65,  1560.00,  7.85572533E+06,  1.01428574E+02,  4.80185428E+06
2, 0.65,  1620.00,  7.85593681E+06,  1.01304641E+02,  4.80193516E+06
2, 0.65,  1680.00,  7.85612945E+06,  1.01191875E+02,  4.80200904E+06
2, 0.65,  1740.00,  7.85630522E+06,  1.01087894E+02,  4.80207650E+06
2, 0.65,  1800.00,  7.85646580E+06,  1.00992605E+02,  4.80213806E+06
2, 0.70,     0.00,  7.85813390E+06,  1.00000000E+02,  4.80277683E+06
2, 0.70,    60.00,  7.85813390E+06,  1.00000000E+02,  4.80277683E+06
2, 0.70,   120.00,  7.85813390E+06,  1.00000000E+02,  4.80277683E+06
2, 0.70,   180.00,  7.85813390E+06,  1.00000000E+02,  4.80277683E+06
2, 0.70,   240.00,  7.85813390E+06,  1.00000000E+02,  4.80277683E+06
2, 0.70,   300.00,  7.85495427E+06,  1.00001053E+02,  4.80256687E+06
2, 0.70,   360.00,  7.85379885E+06,  1.00011449E+02,  4.80226737E+06
2, 0.70,   420.00,  7.85290705E+06,  1.00058955E+02,  4.80197005E+06
2, 0.70,   480.00,  7.85209282E+06,  1.00192096E+02,  4.80167918E+06
2, 0.70,   540.00,  7.85139599E+06,  1.00448480E+02,  4.80140148E+06
2, 0.70,   600.00,  7.85075027E+06,  1.00810760E+02,  4.80114360E+06
2, 0.70,   660.00,  7.85016441E+06,  1.01208104E+02,  4.80090894E+06
2, 0.70,   720.00,  7.84962036E+06,  1.01571948E+02,  4.80069670E+06
2, 0.70,   780.00,  7.84911899E+06,  1.01880570E+02,  4.80050398E+06
2, 0.70,   840.00,  7.84865665E+06,  1.02148086E+02,  4.80032805E+06
2, 0.70,   900.00,  7.85142431E+06,  1.02389465E+02,  4.80037708E+06
2, 0.70,   960.00,  7.85219642E+06,  1.02601934E+02,  4.80052937E+06
2, 0.70,  1020.00,  7.85273743E+06,  1.02759848E+02,  4.80069212E+06
2, 0.70,  1080.00,  7.85323197E+06,  1.02818020E+02,  4.80086015E+06
2, 0.70,  1140.00,  7.85363609E+06,  1.02740494E+02,  4.80102597E+06
2, 0.70,  1200.00,  7.85401409E+06,  1.02542536E+02,  4.80118209E+06
2, 0.70,  1260.00,  7.85435511E+06,  1.02292354E+02,  4.80132413E+06
2, 0.70,  1320.00,  7.85467535E+06,  1.02059058E+02,  4.80145188E+06
2, 0.70,  1380.00,  7.85497217E+06,  1.01867377E+02,  4.80156737E+06
2, 0.70,  1440.00,  7.85524754E+06,  1.01705808E+02,  4.80167263E+06
2, 0.70,  1500.00,  7.85550034E+06,  1.01559751E+02,  4.80176884E+06
2, 0.70,  1560.00,  7.85573123E+06,  1.01425062E+02,  4.80185677E+06
2, 0.70,  1620.00,  7.85594150E+06,  1.01301862E+02,  4.80193710E+06
2, 0.70,  1680.00,  7.85613310E+06,  1.01189299E+02,  4.80201048E+06
2, 0.70,  1740.00,  7.85630791E+06,  1.01086125E+02,  4.80207751E+06
2, 0.70,  1800.00,  7.85646755E+06,  1.00991601E+02,  4.80213870E+06
2, 0.80,     0.00,  7.85813390E+06,  1.00000000E+02,  4.80277683E+06
2, 0.80,    60.00,  7.85813390E+06,  1.00000000E+02,  4.80277683E+06
2, 0.80,   120.00,  7.85813390E+06,  1.00000000E+02,  4.80277683E+06
2, 0.80,   180.00,  7.85813390E+06,  1.00000000E+02,  4.80277683E+06
2, 0.80,   240.00,  7.85813390E+06,  1.00000000E+02,  4.80277683E+06
2, 0.80,   300.00,  7.85484152E+06,  1.00002514E+02,  4.80253695E+06
2, 0.80,   360.00,  7.85373435E+06,  1.00021751E+02,  4.80223802E+06
2, 0.80,   420.00,  7.85284550E+06,  1.00091704E+02,  4.80194269E+06
2, 0.80,   480.00,  7.85205434E+06,  1.00253072E+02,  4.80165593E+06
2, 0.80,   540.00,  7.85135586E+06,  1.00520242E+02,  4.80138394E+06
2, 0.80,   600.00,  7.85071995E+06,  1.00863319E+02,  4.80113162E+06
2, 0.80,   660.00,  7.85013736E+06,  1.01228144E+02,  4.80090093E+06
2, 0.80,   720.00,  7.84960028E+06,  1.01571592E+02,  4.80069111E+06
2, 0.80,   780.00,  7.84910500E+06,  1.01877456E+02,  4.80050009E+06
2, 0.80,   840.00,  7.84864909E+06,  1.02148247E+02,  4.80032573E+06
2, 0.80,   900.00,  7.85153577E+06,  1.02388914E+02,  4.80040618E+06
2, 0.80,   960.00,  7.85226409E+06,  1.02591363E+02,  4.80055923E+06
2, 0.80,  1020.00,  7.85280514E+06,  1.02726151E+02,  4.80072118E+06
2, 0.80,  1080.00,  7.85327824E+06,  1.02755512E+02,  4.80088616E+06
2, 0.80,  1140.00,  7.85368564E+06,  1.02665380E+02,  4.80104716E+06
2, 0.80,  1200.00,  7.85405522E+06,  1.02484020E+02,  4.80119838E+06
2, 0.80,  1260.00,  7.85439415E+06,  1.02264570E+02,  4.80133689E+06
2, 0.80,  1320.00,  7.85470835E+06,  1.02051177E+02,  4.80146252E+06
2, 0.80,  1380.00,  7.85499976E+06,  1.01862248E+02,  4.80157652E+06
2, 0.80,  1440.00,  7.85526914E+06,  1.01697307E+02,  4.80168034E+06
2, 0.80,  1500.00,  7.85551689E+06,  1.01550465E+02,  4.80177513E+06
2, 0.80,  1560.00,  7.85574380E+06,  1.01417383E+02,  4.80186177E+06
2, 0.80,  1620.00,  7.85595112E+06,  1.01295842E+02,  4.80194098E+06
2, 0.80,  1680.00,  7.85614040E+06,  1.01184589E+02,  4.80201339E+06
2, 0.80,  1740.00,  7.85631322E+06,  1.01082693E+02,  4.80207957E+06
2, 0.80,  1800.00,  7.85647108E+06,  1.00989375E+02,  4.80214006E+06
2, 1.00,     0.00,  7.85813390E+06,  1.00000000E+02,  4.80277683E+06
2, 1.00,    60.00,  7.85813390E+06,  1.00000000E+02,  4.80277683E+06
2, 1.00,   120.00,  7.85813390E+06,  1.00000000E+02,  4.80277683E+06
2, 1.00,   180.00,  7.85813390E+06,  1.00000000E+02,  4.80277683E+06
2, 1.00,   240.00,  7.85813390E+06,  1.00000000E+02,  4.80277683E+06
2, 1.00,   300.00,  7.85462850E+06,  1.00008686E+02,  4.80247735E+06
2, 1.00,   360.00,  7.85359746E+06,  1.00052258E+02,  4.80218048E+06
2, 1.00,   420.00,  7.85273169E+06,  1.00164102E+02,  4.80189033E+06
2, 1.00,   480.00,  7.85196712E+06,  1.00361411E+02,  4.80161202E+06
2, 1.00,   540.00,  7.85128128E+06,  1.00633237E+02,  4.80135001E+06
2, 1.00,   600.00,  7.85065793E+06,  1.00949106E+02,  4.80110696E+06
2, 1.00,   660.00,  7.85008686E+06,  1.01276298E+02,  4.80088353E+06
2, 1.00,   720.00,  7.84956166E+06,  1.01591602E+02,  4.80067903E+06
2, 1.00,   780.00,  7.84907811E+06,  1.01883624E+02,  4.80049205E+06
2, 1.00,   840.00,  7.84863313E+06,  1.02149457E+02,  4.80032101E+06
2, 1.00,   900.00,  7.85174406E+06,  1.02382202E+02,  4.80046395E+06
2, 1.00,   960.00,  7.85240426E+06,  1.02559500E+02,  4.80061752E+06
2, 1.00,  1020.00,  7.85292838E+06,  1.02651579E+02,  4.80077661E+06
2, 1.00,  1080.00,  7.85337936E+06,  1.02643001E+02,  4.80093519E+06
2, 1.00,  1140.00,  7.85377773E+06,  1.02544721E+02,  4.80108787E+06
2, 1.00,  1200.00,  7.85413769E+06,  1.02386834E+02,  4.80123108E+06
2, 1.00,  1260.00,  7.85446747E+06,  1.02202422E+02,  4.80136323E+06
2, 1.00,  1320.00,  7.85477165E+06,  1.02015910E+02,  4.80148418E+06
2, 1.00,  1380.00,  7.85505268E+06,  1.01840291E+02,  4.80159460E+06
2, 1.00,  1440.00,  7.85531203E+06,  1.01680011E+02,  4.80169540E+06
2, 1.00,  1500.00,  7.85555082E+06,  1.01535038E+02,  4.80178751E+06
2, 1.00,  1560.00,  7.85577019E+06,  1.01403762E+02,  4.80187173E+06
2, 1.00,  1620.00,  7.85597134E+06,  1.01284411E+02,  4.80194880E+06
2, 1.00,  1680.00,  7.85615558E+06,  1.01175509E+02,  4.80201933E+06
2, 1.00,  1740.00,  7.85632421E+06,  1.01075911E+02,  4.80208388E+06
2, 1.00,  1800.00,  7.85647853E+06,  1.00984714E+02,  4.80214296E+06
3, 0.50,     0.00,  7.85813390E+06,  1.00000000E+02,  4.80277683E+06
3, 0.50,    60.00,  7.85806225E+06,  1.00000002E+02,  4.80277316E+06
3, 0.50,   120.00,  7.85782305E+06,  1.00000038E+02,  4.80275516E+06
3, 0.50,   180.00,  7.85738844E+06,  1.00000409E+02,  4.80270994E+06
3, 0.50,   240.00,  7.85675610E+06,  1.00002712E+02,  4.80262729E+06
3, 0.50,   300.00,  7.85595078E+06,  1.00012528E+02,  4.80250092E+06
3, 0.50,   360.00,  7.85501646E+06,  1.00042990E+02,  4.80232941E+06
3, 0.50,   420.00,  7.85401423E+06,  1.00114490E+02,  4.80211688E+06
3, 0.50,   480.00,  7.85301388E+06,  1.00245585E+02,  4.80187292E+06
3, 0.50,   540.00,  7.85208762E+06,  1.00440817E+02,  4.80161151E+06
3, 0.50,   600.00,  7.85130288E+06,  1.00690119E+02,  4.80134911E+06
3, 0.50,   660.00,  7.85064204E+06,  1.00979926E+02,  4.80109921E+06
3, 0.50,   720.00,  7.85004621E+06,  1.01296895E+02,  4.80086751E+06
3, 0.50,   780.00,  7.84950240E+06,  1.01621388E+02,  4.80065506E+06
3, 0.50,   840.00,  7.84900347E+06,  1.01930639E+02,  4.80046162E+06
3, 0.50,   900.00,  7.84854524E+06,  1.02210421E+02,  4.80028585E+06
3, 0.50,   960.00,  7.84812527E+06,  1.02456840E+02,  4.80012587E+06
3, 0.50,  1020.00,  7.84774057E+06,  1.02673956E+02,  4.79997979E+06
3, 0.50,  1080.00,  7.84738976E+06,  1.02872358E+02,  4.79984618E+06
3, 0.50,  1140.00,  7.84706938E+06,  1.03057792E+02,  4.79972409E+06
3, 0.50,  1200.00,  7.84677773E+06,  1.03226242E+02,  4.79961261E+06
3, 0.50,  1260.00,  7.84651080E+06,  1.03377507E+02,  4.79951072E+06
3, 0.50,  1320.00,  7.84626732E+06,  1.03517177E+02,  4.79941756E+06
3, 0.50,  1380.00,  7.84604416E+06,  1.03645585E+02,  4.79933245E+06
3, 0.50,  1440.00,  7.84584065E+06,  1.03761433E+02,  4.79925466E+06
3, 0.50,  1500.00,  7.84565426E+06,  1.03867363E+02,  4.79918352E+06
3, 0.50,  1560.00,  7.84548425E+06,  1.03964759E+02,  4.79911848E+06
3, 0.50,  1620.00,  7.84532850E+06,  1.04053285E+02,  4.79905902E+06
3, 0.50,  1680.00,  7.84518621E+06,  1.04134015E+02,  4.79900464E+06
3, 0.50,  1740.00,  7.84505607E+06,  1.04208186E+02,  4.79895491E+06
3, 0.50,  1800.00,  7.84493708E+06,  1.04275893E+02,  4.79890943E+06
3, 0.55,     0.00,  7.85813390E+06,  1.00000000E+02,  4.80277683E+06
3, 0.55,    60.00,  7.85806072E+06,  1.00000004E+02,  4.80277279E+06
3, 0.55,   120.00,  7.85781811E+06,  1.00000078E+02,  4.80275373E+06
3, 0.55,   180.00,  7.85737861E+06,  1.00000724E+02,  4.80270686E+06
3, 0.55,   240.00,  7.85674166E+06,  1.00004202E+02,  4.80262219E+06
3, 0.55,   300.00,  7.85593165E+06,  1.00017230E+02,  4.80249373E+06
3, 0.55,   360.00,  7.85499409E+06,  1.00053381E+02,  4.80232046E+06
3, 0.55,   420.00,  7.85398971E+06,  1.00131036E+02,  4.80210688E+06
3, 0.55,   480.00,  7.85298919E+06,  1.00265268E+02,  4.80186275E+06
3, 0.55,   540.00,  7.85206462E+06,  1.00459907E+02,  4.80160202E+06
3, 0.55,   600.00,  7.85128350E+06,  1.00707675E+02,  4.80134109E+06
3, 0.55,   660.00,  7.85062674E+06,  1.00995862E+02,  4.80109306E+06
3, 0.55,   720.00,  7.85003424E+06,  1.01308806E+02,  4.80086314E+06
3, 0.55,   780.00,  7.84949354E+06,  1.01627396E+02,  4.80065218E+06
3, 0.55,   840.00,  7.84899756E+06,  1.01932179E+02,  4.80045988E+06
3, 0.55,   900.00,  7.84854203E+06,  1.02209480E+02,  4.80028497E+06
3, 0.55,   960.00,  7.84812435E+06,  1.02455107E+02,  4.80012564E+06
3, 0.55,  1020.00,  7.84774181E+06,  1.02673536E+02,  4.79998015E+06
3, 0.55,  1080.00,  7.84739244E+06,  1.02872339E+02,  4.79984713E+06
3, 0.55,  1140.00,  7.84707337E+06,  1.03055480E+02,  4.79972551E+06
3, 0.55,  1200.00,  7.84678228E+06,  1.03222863E+02,  4.79961436E+06
3, 0.55,  1260.00,  7.84651623E+06,  1.03374995E+02,  4.79951276E+06
3, 0.55,  1320.00,  7.84627309E+06,  1.03514076E+02,  4.79941985E+06
3, 0.55,  1380.00,  7.84605065E+06,  1.03641459E+02,  4.79933489E+06
3, 0.55,  1440.00,  7.84584729E+06,  1.03757623E+02,  4.79925721E+06
3, 0.55,  1500.00,  7.84566130E+06,  1.03863618E+02,  4.79918617E+06
3, 0.55,  1560.00,  7.84549123E+06,  1.03960583E+02,  4.79912119E+06
3, 0.55,  1620.00,  7.84533565E+06,  1.04049176E+02,  4.79906174E+06
3, 0.55,  1680.00,  7.84519334E+06,  1.04130101E+02,  4.79900737E+06
3, 0.55,  1740.00,  7.84506315E+06,  1.04204134E+02,  4.79895762E+06
3, 0.55,  1800.00,  7.84494406E+06,  1.04271820E+02,  4.79891210E+06
3, 0.60,     0.00,  7.85813390E+06,  1.00000000E+02,  4.80277683E+06
3, 0.60,    60.00,  7.85805923E+06,  1.00000008E+02,  4.80277242E+06
3, 0.60,   120.00,  7.85781318E+06,  1.00000141E+02,  4.80275230E+06
3, 0.60,   180.00,  7.85736898E+06,  1.00001156E+02,  4.80270379E+06
3, 0.60,   240.00,  7.85672722E+06,  1.00005999E+02,  4.80261711E+06
3, 0.60,   300.00,  7.85591275E+06,  1.00022298E+02,  4.80248660E+06
3, 0.60,   360.00,  7.85497171E+06,  1.00063652E+02,  4.80231162E+06
3, 0.60,   420.00,  7.85396534E+06,  1.00146647E+02,  4.80209698E+06
3, 0.60,   480.00,  7.85296452E+06,  1.00283974E+02,  4.80185264E+06
3, 0.60,   540.00,  7.85204172E+06,  1.00478940E+02,  4.80159257E+06
3, 0.60,   600.00,  7.85126426E+06,  1.00725475E+02,  4.80133311E+06
3, 0.60,   660.00,  7.85061155E+06,  1.01011354E+02,  4.80108693E+06
3, 0.60,   720.00,  7.85002242E+06,  1.01320407E+02,  4.80085874E+06
3, 0.60,   780.00,  7.84948470E+06,  1.01634004E+02,  4.80064926E+06
3, 0.60,   840.00,  7.84899163E+06,  1.01934284E+02,  4.80045811E+06
3, 0.60,   900.00,  7.84853873E+06,  1.02208842E+02,  4.80028405E+06
3, 0.60,   960.00,  7.84812338E+06,  1.02453843E+02,  4.80012540E+06
3, 0.60,  1020.00,  7.84774285E+06,  1.02672806E+02,  4.79998051E+06
3, 0.60,  1080.00,  7.84739499E+06,  1.02871522E+02,  4.79984803E+06
3, 0.60,  1140.00,  7.84707714E+06,  1.03053567E+02,  4.79972688E+06
3, 0.60,  1200.00,  7.84678684E+06,  1.03220099E+02,  4.79961609E+06
3, 0.60,  1260.00,  7.84652151E+06,  1.03372050E+02,  4.79951476E+06
3, 0.60,  1320.00,  7.84627890E+06,  1.03510861E+02,  4.79942208E+06
3, 0.60,  1380.00,  7.84605695E+06,  1.03637796E+02,  4.79933730E+06
3, 0.60,  1440.00,  7.84585392E+06,  1.03753779E+02,  4.79925975E+06
3, 0.60,  1500.00,  7.84566817E+06,  1.03859735E+02,  4.79918879E+06
3, 0.60,  1560.00,  7.84549822E+06,  1.03956589E+02,  4.79912386E+06
3, 0.60,  1620.00,  7.84534271E+06,  1.04045137E+02,  4.79906444E+06
3, 0.60,  1680.00,  7.84520041E+06,  1.04126099E+02,  4.79901007E+06
3, 0.60,  1740.00,  7.84507017E+06,  1.04200146E+02,  4.79896030E+06
3, 0.60,  1800.00,  7.84495098E+06,  1.04267875E+02,  4.79891474E+06
3, 0.65,     0.00,  7.85813390E+06,  1.00000000E+02,  4.80277683E+06
3, 0.65,    60.00,  7.85805779E+06,  1.00000015E+02,  4.80277206E+06
3, 0.65,   120.00,  7.85780830E+06,  1.00000233E+02,  4.80275088E+06
3, 0.65,   180.00,  7.85735948E+06,  1.00001710E+02,  4.80270073E+06
3, 0.65,   240.00,  7.85671288E+06,  1.00008068E+02,  4.80261207E+06
3, 0.65,   300.00,  7.85589397E+06,  1.00027630E+02,  4.80247954E+06
3, 0.65,   360.00,  7.85494943E+06,  1.00073780E+02,  4.80230287E+06
3, 0.65,   420.00,  7.85394106E+06,  1.00161570E+02,  4.80208718E+06
3, 0.65,   480.00,  7.85293997E+06,  1.00301945E+02,  4.80184262E+06
3, 0.65,   540.00,  7.85201891E+06,  1.00497684E+02,  4.80158316E+06
3, 0.65,   600.00,  7.85124514E+06,  1.00743213E+02,  4.80132517E+06
3, 0.65,   660.00,  7.85059646E+06,  1.01026653E+02,  4.80108082E+06
3, 0.65,   720.00,  7.85001068E+06,  1.01331904E+02,  4.80085432E+06
3, 0.65,   780.00,  7.84947592E+06,  1.01640871E+02,  4.80064629E+06
3, 0.65,   840.00,  7.84898567E+06,  1.01936877E+02,  4.80045628E+06
3, 0.65,   900.00,  7.84853539E+06,  1.02208703E+02,  4.80028310E+06
3, 0.65,   960.00,  7.84812230E+06,  1.02452825E+02,  4.80012514E+06
3, 0.65,  1020.00,  7.84774374E+06,  1.02671861E+02,  4.79998085E+06
3, 0.65,  1080.00,  7.84739740E+06,  1.02870391E+02,  4.79984891E+06
3, 0.65,  1140.00,  7.84708076E+06,  1.03051724E+02,  4.79972820E+06
3, 0.65,  1200.00,  7.84679134E+06,  1.03217564E+02,  4.79961777E+06
3, 0.65,  1260.00,  7.84652671E+06,  1.03369111E+02,  4.79951674E+06
3, 0.65,  1320.00,  7.84628465E+06,  1.03507613E+02,  4.79942428E+06
3, 0.65,  1380.00,  7.84606316E+06,  1.03634245E+02,  4.79933968E+06
3, 0.65,  1440.00,  7.84586046E+06,  1.03750019E+02,  4.79926225E+06
3, 0.65,  1500.00,  7.84567495E+06,  1.03855860E+02,  4.79919138E+06
3, 0.65,  1560.00,  7.84550514E+06,  1.03952640E+02,  4.79912650E+06
3, 0.65,  1620.00,  7.84534971E+06,  1.04041151E+02,  4.79906711E+06
3, 0.65,  1680.00,  7.84520741E+06,  1.04122115E+02,  4.79901274E+06
3, 0.65,  1740.00,  7.84507714E+06,  1.04196188E+02,  4.79896296E+06
3, 0.65,  1800.00,  7.84495786E+06,  1.04263967E+02,  4.79891737E+06
3, 0.70,     0.00,  7.85813390E+06,  1.00000000E+02,  4.80277683E+06
3, 0.70,    60.00,  7.85805638E+06,  1.00000026E+02,  4.80277169E+06
3, 0.70,   120.00,  7.85780346E+06,  1.00000357E+02,  4.80274945E+06
3, 0.70,   180.00,  7.85735010E+06,  1.00002386E+02,  4.80269768E+06
3, 0.70,   240.00,  7.85669865E+06,  1.00010373E+02,  4.80260706E+06
3, 0.70,   300.00,  7.85587531E+06,  1.00033152E+02,  4.80247254E+06
3, 0.70,   360.00,  7.85492727E+06,  1.00083768E+02,  4.80229421E+06
3, 0.70,   420.00,  7.85391687E+06,  1.00175962E+02,  4.80207748E+06
3, 0.70,   480.00,  7.85291551E+06,  1.00319312E+02,  4.80183266E+06
3, 0.70,   540.00,  7.85199619E+06,  1.00516052E+02,  4.80157382E+06
3, 0.70,   600.00,  7.85122613E+06,  1.00760758E+02,  4.80131726E+06
3, 0.70,   660.00,  7.85058147E+06,  1.01041806E+02,  4.80107471E+06
3, 0.70,   720.00,  7.84999900E+06,  1.01343356E+02,  4.80084989E+06
3, 0.70,   780.00,  7.84946721E+06,  1.01647923E+02,  4.80064328E+06
3, 0.70,   840.00,  7.84897969E+06,  1.01939883E+02,  4.80045442E+06
3, 0.70,   900.00,  7.84853198E+06,  1.02209023E+02,  4.80028211E+06
3, 0.70,   960.00,  7.84812112E+06,  1.02452035E+02,  4.80012486E+06
3, 0.70,  1020.00,  7.84774449E+06,  1.02670820E+02,  4.79998117E+06
3, 0.70,  1080.00,  7.84739969E+06,  1.02869083E+02,  4.79984975E+06
3, 0.70,  1140.00,  7.84708424E+06,  1.03049875E+02,  4.79972949E+06
3, 0.70,  1200.00,  7.84679573E+06,  1.03215132E+02,  4.79961942E+06
3, 0.70,  1260.00,  7.84653182E+06,  1.03366230E+02,  4.79951867E+06
3, 0.70,  1320.00,  7.84629032E+06,  1.03504394E+02,  4.79942645E+06
3, 0.70,  1380.00,  7.84606928E+06,  1.03630751E+02,  4.79934202E+06
3, 0.70,  1440.00,  7.84586692E+06,  1.03746321E+02,  4.79926472E+06
3, 0.70,  1500.00,  7.84568165E+06,  1.03852029E+02,  4.79919394E+06
3, 0.70,  1560.00,  7.84551200E+06,  1.03948729E+02,  4.79912912E+06
3, 0.70,  1620.00,  7.84535664E+06,  1.04037202E+02,  4.79906976E+06
3, 0.70,  1680.00,  7.84521436E+06,  1.04118163E+02,  4.79901539E+06
3, 0.70,  1740.00,  7.84508404E+06,  1.04192261E+02,  4.79896560E+06
3, 0.70,  1800.00,  7.84496469E+06,  1.04260087E+02,  4.79891998E+06
3, 0.80,     0.00,  7.85813390E+06,  1.00000000E+02,  4.80277683E+06
3, 0.80,    60.00,  7.85805365E+06,  1.00000062E+02,  4.80277096E+06
3, 0.80,   120.00,  7.85779396E+06,  1.00000714E+02,  4.80274661E+06
3, 0.80,   180.00,  7.85733164E+06,  1.00004092E+02,  4.80269162E+06
3, 0.80,   240.00,  7.85667053E+06,  1.00015568E+02,  4.80259713E+06
3, 0.80,   300.00,  7.85583833E+06,  1.00044595E+02,  4.80245873E+06
3, 0.80,   360.00,  7.85488329E+06,  1.00103373E+02,  4.80227714E+06
3, 0.80,   420.00,  7.85386880E+06,  1.00203536E+02,  4.80205835E+06
3, 0.80,   480.00,  7.85286691E+06,  1.00352563E+02,  4.80181300E+06
3, 0.80,   540.00,  7.85195103E+06,  1.00551592E+02,  4.80155531E+06
3, 0.80,   600.00,  7.85118835E+06,  1.00795052E+02,  4.80130156E+06
3, 0.80,   660.00,  7.85055176E+06,  1.01071626E+02,  4.80106253E+06
3, 0.80,   720.00,  7.84997585E+06,  1.01366158E+02,  4.80084097E+06
3, 0.80,   780.00,  7.84944991E+06,  1.01662500E+02,  4.80063716E+06
3, 0.80,   840.00,  7.84896776E+06,  1.01946933E+02,  4.80045057E+06
3, 0.80,   900.00,  7.84852501E+06,  1.02210822E+02,  4.80028005E+06
3, 0.80,   960.00,  7.84811852E+06,  1.02451124E+02,  4.80012423E+06
3, 0.80,  1020.00,  7.84774562E+06,  1.02668748E+02,  4.79998175E+06
3, 0.80,  1080.00,  7.84740386E+06,  1.02866228E+02,  4.79985135E+06
3, 0.80,  1140.00,  7.84709084E+06,  1.03046106E+02,  4.79973196E+06
3, 0.80,  1200.00,  7.84680422E+06,  1.03210390E+02,  4.79962261E+06
3, 0.80,  1260.00,  7.84654178E+06,  1.03360630E+02,  4.79952244E+06
3, 0.80,  1320.00,  7.84630144E+06,  1.03498100E+02,  4.79943068E+06
3, 0.80,  1380.00,  7.84608129E+06,  1.03623916E+02,  4.79934661E+06
3, 0.80,  1440.00,  7.84587961E+06,  1.03739080E+02,  4.79926957E+06
3, 0.80,  1500.00,  7.84569482E+06,  1.03844508E+02,  4.79919897E+06
3, 0.80,  1560.00,  7.84552549E+06,  1.03941032E+02,  4.79913428E+06
3, 0.80,  1620.00,  7.84537030E+06,  1.04029417E+02,  4.79907498E+06
3, 0.80,  1680.00,  7.84522806E+06,  1.04110360E+02,  4.79902063E+06
3, 0.80,  1740.00,  7.84509770E+06,  1.04184498E+02,  4.79897081E+06
3, 0.80,  1800.00,  7.84497819E+06,  1.04252412E+02,  4.79892514E+06
3, 1.00,     0.00,  7.85813390E+06,  1.00000000E+02,  4.80277683E+06
3, 1.00,    60.00,  7.85804850E+06,  1.00000214E+02,  4.80276950E+06
3, 1.00,   120.00,  7.85777566E+06,  1.00001906E+02,  4.80274097E+06
3, 1.00,   180.00,  7.85729579E+06,  1.00008741E+02,  4.80267966E+06
3, 1.00,   240.00,  7.85661566E+06,  1.00027670E+02,  4.80257767E+06
3, 1.00,   300.00,  7.85576577E+06,  1.00068401E+02,  4.80243177E+06
3, 1.00,   360.00,  7.85479676E+06,  1.00141395E+02,  4.80224391E+06
3, 1.00,   420.00,  7.85377400E+06,  1.00255255E+02,  4.80202105E+06
3, 1.00,   480.00,  7.85277099E+06,  1.00414488E+02,  4.80177457E+06
3, 1.00,   540.00,  7.85186185E+06,  1.00618240E+02,  4.80151901E+06
3, 1.00,   600.00,  7.85111367E+06,  1.00860094E+02,  4.80127061E+06
3, 1.00,   660.00,  7.85049311E+06,  1.01128947E+02,  4.80103835E+06
3, 1.00,   720.00,  7.84993019E+06,  1.01411072E+02,  4.80082301E+06
3, 1.00,   780.00,  7.84941573E+06,  1.01693008E+02,  4.80062459E+06
3, 1.00,   840.00,  7.84894393E+06,  1.01964150E+02,  4.80044244E+06
3, 1.00,   900.00,  7.84851057E+06,  1.02217995E+02,  4.80027552E+06
3, 1.00,   960.00,  7.84811239E+06,  1.02451848E+02,  4.80012263E+06
3, 1.00,  1020.00,  7.84774665E+06,  1.02665634E+02,  4.79998257E+06
3, 1.00,  1080.00,  7.84741085E+06,  1.02860631E+02,  4.79985421E+06
3, 1.00,  1140.00,  7.84710268E+06,  1.03038564E+02,  4.79973652E+06
3, 1.00,  1200.00,  7.84681994E+06,  1.03201134E+02,  4.79962859E+06
3, 1.00,  1260.00,  7.84656057E+06,  1.03349854E+02,  4.79952958E+06
3, 1.00,  1320.00,  7.84632264E+06,  1.03486030E+02,  4.79943874E+06
3, 1.00,  1380.00,  7.84610435E+06,  1.03610797E+02,  4.79935539E+06
3, 1.00,  1440.00,  7.84590407E+06,  1.03725154E+02,  4.79927890E+06
3, 1.00,  1500.00,  7.84572030E+06,  1.03829995E+02,  4.79920870E+06
3, 1.00,  1560.00,  7.84555164E+06,  1.03926131E+02,  4.79914427E+06
3, 1.00,  1620.00,  7.84539685E+06,  1.04014295E+02,  4.79908513E+06
3, 1.00,  1680.00,  7.84525477E+06,  1.04095160E+02,  4.79903084E+06
3, 1.00,  1740.00,  7.84512434E+06,  1.04169340E+02,  4.79898100E+06
3, 1.00,  1800.00,  7.84500461E+06,  1.04237393E+02,  4.79893524E+06
