case_id,forcing,n,dt,theta,p25_arrival10_s,p25_min_pa,p25_min_time_s,p25_max_pa,p25_max_time_s,p25_max_delta_pa,p50_arrival10_s,p50_min_pa,p50_min_time_s,p50_max_pa,p50_max_time_s,p50_max_delta_pa,p75_arrival10_s,p75_min_pa,p75_min_time_s,p75_max_pa,p75_max_time_s,p75_max_delta_pa,pout_arrival10_s,pout_min_pa,pout_min_time_s,pout_max_pa,pout_max_time_s,pout_max_delta_pa,max_step_mass_defect_kg,max_cum_mass_defect_kg,relative_cum_mass_defect,pout_slope_reversals,final_pout_pa
1,1,20,15.0,0.5,255.0,7961508.686639,1800.0,7964770.372286,0.0,3261.6856470005587,180.0,7922784.092178,1800.0,7929384.223663,0.0,6600.131485000253,105.0,7883782.651259,1800.0,7893839.449198,0.0,10056.79793899972,15.0,7844472.586611,1800.0,7858133.89635,0.0,13661.309739000164,2.924203101884e-09,1.920625436469e-09,3.998989754121263e-16,6,7844472.586611
2,1,20,15.0,0.65,255.0,7961510.42941,1800.0,7964770.372286,0.0,3259.9428759999573,180.0,7922787.328206,1800.0,7929384.223663,0.0,6596.895457000472,105.0,7883786.900534,1800.0,7893839.449198,0.0,10052.548663999885,15.0,7844477.221617,1800.0,7858133.89635,0.0,13656.674732999876,2.317472880264e-09,3.666627890198e-09,7.634391946841079e-16,2,7844477.221617
3,1,20,15.0,1.0,240.0,7961514.458612,1800.0,7964770.372286,0.0,3255.9136740006506,180.0,7922794.818992,1800.0,7929384.223663,0.0,6589.404671000317,90.0,7883796.749305,1800.0,7893839.449198,0.0,10042.699893000536,15.0,7844487.94248,1800.0,7858133.89635,0.0,13645.953870000318,2.64735433575e-09,2.756223693723e-09,5.738813045987921e-16,0,7844487.94248
4,1,20,60.0,0.5,300.0,7961517.779672,1800.0,7964770.372286,0.0,3252.592614000663,240.0,7922792.566781,1800.0,7929384.223663,0.0,6591.656882000156,180.0,7883804.76703,1800.0,7893839.449198,0.0,10034.682168000378,60.0,7844491.091993,1800.0,7858133.89635,0.0,13642.804356999695,1.992162879105e-09,1.996795617742e-09,4.1575858909298487e-16,0,7844491.091993
5,1,20,60.0,0.65,300.0,7961525.831567,1800.0,7964770.372286,0.0,3244.5407190006226,240.0,7922815.962312,1800.0,7929384.223663,0.0,6568.261351000518,120.0,7883824.547692,1800.0,7893839.449198,0.0,10014.901506000198,60.0,7844518.202147,1800.0,7858133.89635,0.0,13615.694203000516,1.890171574814e-09,2.540218702052e-09,5.289062807274303e-16,0,7844518.202147
6,1,20,60.0,1.0,240.0,7961541.807197,1800.0,7964770.372286,0.0,3228.565089000389,180.0,7922845.66397,1800.0,7929384.223663,0.0,6538.559693000279,120.0,7883863.60052,1800.0,7893839.449198,0.0,9975.848678000271,60.0,7844560.713907,1800.0,7858133.89635,0.0,13573.182443000376,2.917772690125e-09,2.557953848736e-09,5.325989668978031e-16,0,7844560.713907
7,1,20,120.0,0.5,360.0,7961541.519925,1800.0,7964770.372286,0.0,3228.852361000143,240.0,7922819.540803,1800.0,7929384.223663,0.0,6564.682860000059,240.0,7883795.748963,1800.0,7893839.449198,0.0,10043.70023499988,120.0,7844564.214847,1800.0,7858133.89635,0.0,13569.681502999738,1.522835191281e-09,1.465650711907e-09,3.0516737249987114e-16,0,7844564.214847
8,1,20,120.0,0.65,360.0,7961546.642025,1800.0,7964770.372286,0.0,3223.7302609998733,240.0,7922854.644821,1800.0,7929384.223663,0.0,6529.5788420001045,240.0,7883875.409301,1800.0,7893839.449198,0.0,9964.039897000417,120.0,7844573.570366,1800.0,7858133.89635,0.0,13560.325984000228,1.861738319064e-09,2.317392500117e-09,4.825109929441946e-16,0,7844573.570366
9,1,20,120.0,1.0,240.0,7961578.151114,1800.0,7964770.372286,0.0,3192.2211720002815,240.0,7922913.235486,1800.0,7929384.223663,0.0,6470.988177000545,120.0,7883952.448538,1800.0,7893839.449198,0.0,9887.000660000369,120.0,7844657.432815,1800.0,7858133.89635,0.0,13476.463534999639,1.920852810144e-09,1.950866135303e-09,4.0619547875412954e-16,0,7844657.432815
10,1,40,15.0,0.5,255.0,7961508.61901,1800.0,7964770.372286,0.0,3261.7532760007307,180.0,7922782.776537,1800.0,7929384.223663,0.0,6601.447126000188,105.0,7883781.318156,1800.0,7893839.449198,0.0,10058.131041999906,15.0,7844469.951441,1800.0,7858133.89635,0.0,13663.944908999838,3.610558962919e-09,4.957200872013e-09,1.0321530751529947e-15,12,7844469.951441
11,1,40,15.0,0.65,240.0,7961509.971534,1800.0,7964770.372286,0.0,3260.4007520005107,180.0,7922786.47525,1800.0,7929384.223663,0.0,6597.748413000256,105.0,7883785.776371,1800.0,7893839.449198,0.0,10053.672826999798,15.0,7844475.994518,1800.0,7858133.89635,0.0,13657.901832000352,3.206503951247e-09,5.179117579246e-09,1.0783589921033312e-15,2,7844475.994518
12,1,40,15.0,1.0,240.0,7961513.999072,1800.0,7964770.372286,0.0,3256.3732139999047,180.0,7922793.96291,1800.0,7929384.223663,0.0,6590.260753000155,90.0,7883795.620982,1800.0,7893839.449198,0.0,10043.82821600046,15.0,7844486.710799,1800.0,7858133.89635,0.0,13647.185550999828,4.833907496504e-09,5.272795533529e-09,1.0978639488488054e-15,0,7844486.710799
13,1,40,60.0,0.5,300.0,7961509.745929,1800.0,7964770.372286,0.0,3260.626357000321,240.0,7922785.448429,1800.0,7929384.223663,0.0,6598.775234000757,180.0,7883838.1399,1800.0,7893839.449198,0.0,10001.309298000298,60.0,7844507.010426,1800.0,7858133.89635,0.0,13626.885924000293,3.460485231699e-09,4.810772225028e-09,1.001664744706404e-15,4,7844507.010426
14,1,40,60.0,0.65,300.0,7961525.360538,1800.0,7964770.372286,0.0,3245.011748000048,240.0,7922815.084786,1800.0,7929384.223663,0.0,6569.13887700066,120.0,7883823.391043,1800.0,7893839.449198,0.0,10016.05815500021,60.0,7844516.939483,1800.0,7858133.89635,0.0,13616.956867000088,3.74569308903e-09,4.694811650552e-09,9.775202594147866e-16,0,7844516.939483
15,1,40,60.0,1.0,240.0,7961541.330223,1800.0,7964770.372286,0.0,3229.042063000612,180.0,7922844.775267,1800.0,7929384.223663,0.0,6539.44839600008,120.0,7883862.428971,1800.0,7893839.449198,0.0,9977.020227000117,60.0,7844559.4348,1800.0,7858133.89635,0.0,13574.461550000124,3.557943273336e-09,3.924242264475e-09,8.17077787545544e-16,0,7844559.4348
16,1,40,120.0,0.5,360.0,7961540.46142,1800.0,7964770.372286,0.0,3229.9108660006896,240.0,7922822.807049,1800.0,7929384.223663,0.0,6561.4166140006855,240.0,7883791.244649,1800.0,7893839.449198,0.0,10048.204549000598,120.0,7844607.261151,1800.0,7858133.89635,0.0,13526.635199000128,3.557943273336e-09,4.266439646017e-09,8.883276902198433e-16,0,7844607.261151
17,1,40,120.0,0.65,360.0,7961546.153468,1800.0,7964770.372286,0.0,3224.218818000518,240.0,7922853.734795,1800.0,7929384.223663,0.0,6530.488867999986,240.0,7883874.207228,1800.0,7893839.449198,0.0,9965.241969999857,120.0,7844572.269574,1800.0,7858133.89635,0.0,13561.626776000485,3.092093692203e-09,4.738467396237e-09,9.86609947995143e-16,0,7844572.269574
18,1,40,120.0,1.0,240.0,7961577.652322,1800.0,7964770.372286,0.0,3192.7199640003964,240.0,7922912.30593,1800.0,7929384.223663,0.0,6471.917733000591,120.0,7883951.222808,1800.0,7893839.449198,0.0,9888.226390000433,120.0,7844656.094216,1800.0,7858133.89635,0.0,13477.802133999765,3.758486855077e-09,4.91945684189e-09,1.02429428190133e-15,0,7844656.094216
19,2,20,15.0,0.5,525.0,7962601.635147,1080.0,7964770.372286,0.0,2168.7371390005574,450.0,7925087.876516,1005.0,7929384.223663,0.0,4296.347147000022,375.0,7887221.922242,945.0,7893839.449198,0.0,6617.526956000365,300.0,7848489.968491,885.0,7858133.89635,0.0,9643.92785899993,2.053972991689e-09,2.827505340974e-09,5.887230624762519e-16,15,7856399.640624
20,2,20,15.0,0.65,510.0,7962639.933189,1065.0,7964770.372286,0.0,2130.439097000286,450.0,7925147.939863,1005.0,7929384.223663,0.0,4236.283800000325,375.0,7887265.034315,930.0,7893839.449198,0.0,6574.414882999845,300.0,7848499.392509,885.0,7858133.89635,0.0,9634.503840999678,2.720548009094e-09,2.740307536442e-09,5.705673554714328e-16,5,7856402.430747
21,2,20,15.0,1.0,495.0,7962700.312812,1050.0,7964770.372286,0.0,2070.0594740007073,435.0,7925243.712324,990.0,7929384.223663,0.0,4140.511339000426,360.0,7887358.593045,915.0,7893839.449198,0.0,6480.856153000146,300.0,7848497.37352,885.0,7858133.89635,0.0,9636.522830000147,2.318074621144e-09,3.042146090593e-09,6.334140335654053e-16,1,7856405.920108
22,2,20,60.0,0.5,540.0,7962675.061726,1080.0,7964770.372286,0.0,2095.310560000129,480.0,7925189.766542,960.0,7929384.223663,0.0,4194.457121000625,360.0,7887452.102808,900.0,7893839.449198,0.0,6387.3463900005445,300.0,7848759.570073,840.0,7858133.89635,0.0,9374.326276999898,1.759474343999e-09,1.873445398815e-09,3.900754833561079e-16,7,7856528.728733
23,2,20,60.0,0.65,480.0,7962735.776217,1020.0,7964770.372286,0.0,2034.5960690006614,420.0,7925307.078698,960.0,7929384.223663,0.0,4077.1449650004506,360.0,7887508.49366,900.0,7893839.449198,0.0,6330.95553799998,300.0,7848664.564389,840.0,7858133.89635,0.0,9469.331961000338,1.90106597131e-09,1.75941750058e-09,3.6633340496501467e-16,1,7856464.593516
24,2,20,60.0,1.0,420.0,7962857.744882,960.0,7964770.372286,0.0,1912.62740400061,420.0,7925503.358103,900.0,7929384.223663,0.0,3880.8655600007623,360.0,7887606.365513,840.0,7893839.449198,0.0,6233.083685000427,300.0,7848636.763869,840.0,7858133.89635,0.0,9497.132481000386,2.917772690125e-09,2.557953848736e-09,5.325989668978031e-16,1,7856477.34944
25,2,20,120.0,0.5,600.0,7962751.548014,1080.0,7964770.372286,0.0,2018.8242720002308,480.0,7925381.025742,960.0,7929384.223663,0.0,4003.197921000421,480.0,7887600.679743,960.0,7893839.449198,0.0,6238.769454999827,360.0,7849051.753839,840.0,7858133.89635,0.0,9082.142510999925,1.157104634331e-09,1.027956386679e-09,2.1403377149739145e-16,3,7856593.50405
26,2,20,120.0,0.65,480.0,7962838.161838,1080.0,7964770.372286,0.0,1932.21044800058,480.0,7925469.050079,960.0,7929384.223663,0.0,3915.1735840002075,360.0,7887835.304449,840.0,7893839.449198,0.0,6004.144748999737,360.0,7848894.661353,840.0,7858133.89635,0.0,9239.234996999614,2.884780414547e-09,2.701881385292e-09,5.625665354353475e-16,1,7856392.074237
27,2,20,120.0,1.0,480.0,7962982.626755,960.0,7964770.372286,0.0,1787.745531000197,360.0,7925732.993615,960.0,7929384.223663,0.0,3651.2300480008125,360.0,7887765.840917,840.0,7893839.449198,0.0,6073.608281000517,360.0,7848807.717935,840.0,7858133.89635,0.0,9326.178415000439,1.573312147229e-09,1.842181518441e-09,3.835659404272404e-16,1,7856425.127822
28,2,40,15.0,0.5,525.0,7962596.098657,1080.0,7964770.372286,0.0,2174.2736290004104,450.0,7925072.326284,1020.0,7929384.223663,0.0,4311.897379000671,375.0,7887187.4994,930.0,7893839.449198,0.0,6651.949798000045,300.0,7848458.590391,885.0,7858133.89635,0.0,9675.305959000252,3.43585071505e-09,4.736534719996e-09,9.862075399070049e-16,49,7856378.118334
29,2,40,15.0,0.65,510.0,7962635.31318,1065.0,7964770.372286,0.0,2135.059106000699,450.0,7925140.38579,1005.0,7929384.223663,0.0,4243.837873000652,375.0,7887255.886711,930.0,7893839.449198,0.0,6583.562486999668,300.0,7848495.612605,885.0,7858133.89635,0.0,9638.283745000139,2.876877402969e-09,5.194351615501e-09,1.081530914680922e-15,5,7856403.677754
30,2,40,15.0,1.0,495.0,7962697.765966,1050.0,7964770.372286,0.0,2072.6063200002536,435.0,7925239.796103,975.0,7929384.223663,0.0,4144.42756000068,360.0,7887353.229973,915.0,7893839.449198,0.0,6486.21922500059,300.0,7848493.653237,885.0,7858133.89635,0.0,9640.243112999946,4.833907496504e-09,5.272795533529e-09,1.0978639488488054e-15,1,7856407.157555
31,2,40,60.0,0.5,540.0,7962673.300331,1020.0,7964770.372286,0.0,2097.0719550000504,480.0,7925191.565291,960.0,7929384.223663,0.0,4192.658372000791,360.0,7887430.59149,900.0,7893839.449198,0.0,6408.857708000578,300.0,7848536.223398,840.0,7858133.89635,0.0,9597.672952000052,3.460485231699e-09,4.59658622276e-09,9.570684601088282e-16,9,7856540.494212
32,2,40,60.0,0.65,480.0,7962733.906159,1020.0,7964770.372286,0.0,2036.466127000749,420.0,7925304.176728,960.0,7929384.223663,0.0,4080.046935000457,360.0,7887506.266026,900.0,7893839.449198,0.0,6333.183172000572,300.0,7848659.963632,840.0,7858133.89635,0.0,9473.932718000375,2.833692391846e-09,4.638877726393e-09,9.658740959211853e-16,1,7856465.802969
33,2,40,60.0,1.0,420.0,7962856.241714,960.0,7964770.372286,0.0,1914.1305720005184,420.0,7925500.703024,900.0,7929384.223663,0.0,3883.5206390004605,360.0,7887603.036265,840.0,7893839.449198,0.0,6236.412933000363,300.0,7848633.130772,840.0,7858133.89635,0.0,9500.765577999875,3.557943273336e-09,4.779394657817e-09,9.951315310392925e-16,1,7856478.528116
34,2,40,120.0,0.5,600.0,7962749.05103,1080.0,7964770.372286,0.0,2021.3212560005486,480.0,7925375.669733,960.0,7929384.223663,0.0,4008.553930000402,480.0,7887607.25409,960.0,7893839.449198,0.0,6232.195108000189,360.0,7848959.21072,840.0,7858133.89635,0.0,9174.685630000196,3.557943273336e-09,4.266439646017e-09,8.883276902198433e-16,1,7856511.956732
35,2,40,120.0,0.65,480.0,7962836.99732,1080.0,7964770.372286,0.0,1933.3749660002068,480.0,7925466.505272,960.0,7929384.223663,0.0,3917.718391000293,360.0,7887831.23448,840.0,7893839.449198,0.0,6008.214718000032,360.0,7848884.908007,840.0,7858133.89635,0.0,9248.988343000412,3.092093692203e-09,4.532012098935e-09,9.436232957505362e-16,1,7856392.478616
36,2,40,120.0,1.0,480.0,7962981.335318,960.0,7964770.372286,0.0,1789.0369680002332,360.0,7925731.246379,960.0,7929384.223663,0.0,3652.977284000255,360.0,7887762.526747,840.0,7893839.449198,0.0,6076.922450999729,360.0,7848804.079465,840.0,7858133.89635,0.0,9329.816885000095,2.676074473129e-09,4.200728653814e-09,8.74645815221274e-16,1,7856426.267929
37,3,20,15.0,0.5,480.0,7961683.917986,1800.0,7964770.372286,0.0,3086.4543000003323,435.0,7923109.886907,1800.0,7929384.223663,0.0,6274.336756000295,345.0,7884211.034104,1800.0,7893839.449198,0.0,9628.415094000287,240.0,7844938.934822,1800.0,7858133.89635,0.0,13194.961528000422,2.896982209677e-09,2.886736183427e-09,6.010556874430951e-16,0,7844938.934822
38,3,20,15.0,0.65,480.0,7961685.882546,1800.0,7964770.372286,0.0,3084.4897400001064,420.0,7923113.540356,1800.0,7929384.223663,0.0,6270.683307000436,345.0,7884215.838904,1800.0,7893839.449198,0.0,9623.610294000246,240.0,7844944.166306,1800.0,7858133.89635,0.0,13189.73004399985,2.781163077614e-09,2.299572088305e-09,4.788005534749857e-16,0,7844944.166306
39,3,20,15.0,1.0,480.0,7961690.42602,1800.0,7964770.372286,0.0,3079.946266000159,420.0,7923121.989333,1800.0,7929384.223663,0.0,6262.234330000356,330.0,7884226.950808,1800.0,7893839.449198,0.0,9612.498390000314,240.0,7844956.264034,1800.0,7858133.89635,0.0,13177.632315999828,2.753651529019e-09,2.926753950305e-09,6.093879023918957e-16,0,7844956.264034
40,3,20,60.0,0.5,480.0,7961683.840381,1800.0,7964770.372286,0.0,3086.531905000098,480.0,7923109.893873,1800.0,7929384.223663,0.0,6274.329790000804,360.0,7884210.698918,1800.0,7893839.449198,0.0,9628.75028000027,240.0,7844938.814759,1800.0,7858133.89635,0.0,13195.08159099985,3.327784270368e-09,2.767592377495e-09,5.762484111183045e-16,0,7844938.814759
41,3,20,60.0,0.65,480.0,7961691.655433,1800.0,7964770.372286,0.0,3078.7168530002236,420.0,7923124.275312,1800.0,7929384.223663,0.0,6259.948351000436,360.0,7884229.957001,1800.0,7893839.449198,0.0,9609.492197000422,240.0,7844959.536724,1800.0,7858133.89635,0.0,13174.359625999816,2.64510013892e-09,1.808530214475e-09,3.7655930512930024e-16,0,7844959.536724
42,3,20,60.0,1.0,480.0,7961709.216856,1800.0,7964770.372286,0.0,3061.1554300002754,420.0,7923156.93263,1800.0,7929384.223663,0.0,6227.291033000685,360.0,7884272.907846,1800.0,7893839.449198,0.0,9566.541352000087,240.0,7845006.298605,1800.0,7858133.89635,0.0,13127.597745000385,3.268553427915e-09,1.909938873723e-09,3.97673895283718e-16,0,7845006.298605
43,3,20,120.0,0.5,480.0,7961683.894195,1800.0,7964770.372286,0.0,3086.4780910005793,480.0,7923108.486645,1800.0,7929384.223663,0.0,6275.7370180003345,360.0,7884211.582304,1800.0,7893839.449198,0.0,9627.86689400021,240.0,7844937.934528,1800.0,7858133.89635,0.0,13195.961822000332,2.395665887889e-09,1.98542693397e-09,4.133914825734724e-16,0,7844937.934528
44,3,20,120.0,0.65,480.0,7961699.108012,1800.0,7964770.372286,0.0,3071.26427400019,480.0,7923138.148991,1800.0,7929384.223663,0.0,6246.074672000483,360.0,7884248.196625,1800.0,7893839.449198,0.0,9591.252573000267,240.0,7844979.395688,1800.0,7858133.89635,0.0,13154.500661999919,1.962575879588e-09,1.620378498046e-09,3.37383692230869e-16,0,7844979.395688
45,3,20,120.0,1.0,480.0,7961732.685262,1800.0,7964770.372286,0.0,3037.687024000101,360.0,7923200.579662,1800.0,7929384.223663,0.0,6183.644001000561,360.0,7884330.319509,1800.0,7893839.449198,0.0,9509.129689000547,240.0,7845068.807838,1800.0,7858133.89635,0.0,13065.088511999696,1.782041181286e-09,2.042042979156e-09,4.251796730409444e-16,0,7845068.807838
46,3,40,15.0,0.5,480.0,7961683.293547,1800.0,7964770.372286,0.0,3087.0787390004843,435.0,7923108.7226,1800.0,7929384.223663,0.0,6275.501063000411,345.0,7884209.502606,1800.0,7893839.449198,0.0,9629.946592000313,240.0,7844937.25822,1800.0,7858133.89635,0.0,13196.638129999861,3.648629842701e-09,5.316451279214e-09,1.106953637429162e-15,0,7844937.25822
47,3,40,15.0,0.65,480.0,7961685.258734,1800.0,7964770.372286,0.0,3085.1135520003736,420.0,7923112.377525,1800.0,7929384.223663,0.0,6271.846138000488,345.0,7884214.30508,1800.0,7893839.449198,0.0,9625.144117999822,240.0,7844942.490782,1800.0,7858133.89635,0.0,13191.40556799993,3.660973302289e-09,4.875346348854e-09,1.0151099090649045e-15,0,7844942.490782
48,3,40,15.0,1.0,480.0,7961689.801585,1800.0,7964770.372286,0.0,3080.5707010002807,420.0,7923120.825297,1800.0,7929384.223663,0.0,6263.398366000503,330.0,7884225.415323,1800.0,7893839.449198,0.0,9614.033874999732,240.0,7844954.58663,1800.0,7858133.89635,0.0,13179.309720000252,5.043347073297e-09,5.299625627231e-09,1.1034503199554329e-15,0,7844954.58663
49,3,40,60.0,0.5,480.0,7961683.169737,1800.0,7964770.372286,0.0,3087.2025490002707,420.0,7923108.581987,1800.0,7929384.223663,0.0,6275.641676000319,360.0,7884209.159779,1800.0,7893839.449198,0.0,9630.289419000037,240.0,7844937.077248,1800.0,7858133.89635,0.0,13196.819102000445,3.163933115502e-09,4.396042641019e-09,9.15312703192705e-16,0,7844937.077248
50,3,40,60.0,0.65,480.0,7961691.030589,1800.0,7964770.372286,0.0,3079.341696999967,420.0,7923123.110516,1800.0,7929384.223663,0.0,6261.113147000782,360.0,7884228.420487,1800.0,7893839.449198,0.0,9611.028711000457,240.0,7844957.858175,1800.0,7858133.89635,0.0,13176.038174999878,2.976637603069e-09,4.530985364681e-09,9.43409516453511e-16,0,7844957.858175
51,3,40,60.0,1.0,480.0,7961708.589912,1800.0,7964770.372286,0.0,3061.782374000177,420.0,7923155.763766,1800.0,7929384.223663,0.0,6228.459897000343,360.0,7884271.365744,1800.0,7893839.449198,0.0,9568.083453999832,240.0,7845004.613706,1800.0,7858133.89635,0.0,13129.282643999904,2.635317741806e-09,5.221181709203e-09,1.0871172857875495e-15,0,7845004.613706
52,3,40,120.0,0.5,480.0,7961683.343218,1800.0,7964770.372286,0.0,3087.0290680006146,480.0,7923107.205377,1800.0,7929384.223663,0.0,6277.018286000006,360.0,7884209.858655,1800.0,7893839.449198,0.0,9629.590543000028,240.0,7844936.31229,1800.0,7858133.89635,0.0,13197.584060000256,6.031484645064e-09,6.031484645064e-09,1.2558327945288377e-15,0,7844936.31229
53,3,40,120.0,0.65,480.0,7961698.481654,1800.0,7964770.372286,0.0,3071.890632000752,480.0,7923136.980637,1800.0,7929384.223663,0.0,6247.243026000448,360.0,7884246.656433,1800.0,7893839.449198,0.0,9592.792764999904,240.0,7844977.709824,1800.0,7858133.89635,0.0,13156.1865260005,3.075256049812e-09,3.829427441815e-09,7.97336120160001e-16,0,7844977.709824
54,3,40,120.0,1.0,480.0,7961732.055633,1800.0,7964770.372286,0.0,3038.316653000191,360.0,7923199.405494,1800.0,7929384.223663,0.0,6184.818169000559,360.0,7884328.769954,1800.0,7893839.449198,0.0,9510.679244000465,240.0,7845067.114394,1800.0,7858133.89635,0.0,13066.781956000254,3.649347490864e-09,5.400011104939e-09,1.1243518694774598e-15,0,7845067.114394
