amplitude_kg_s,dt_s,theta,max_pressure_discrepancy_pa,max_inlet_flow_discrepancy_kg_s,max_linepack_discrepancy_kg
1.0,15.0,0.5,8.516119518333653,0.0021491825696963174,2.050827666844839
1.0,60.0,0.5,8.51411088545592,0.002150814085550734,2.049961036265586
1.0,15.0,0.65,8.512855336799475,0.0021415627032369544,2.049691878227236
1.0,60.0,0.65,8.501236370153038,0.002119147061879767,2.0455888356628975
1.0,15.0,1.0,8.505511455475698,0.0021236015051275814,2.0471531080786463
1.0,60.0,1.0,8.47624299770223,0.0020506944435371155,2.0370873818370683
0.5,15.0,0.5,2.131549829159667,0.0005384113205625929,0.5137197737151951
0.5,60.0,0.5,2.131048148445643,0.0005388342121920853,0.5135030067566504
0.5,15.0,0.65,2.1307232015687987,0.0005364993063317613,0.5134316561583887
0.5,60.0,0.65,2.127787053279235,0.000530885084865429,0.5123935246647875
0.5,15.0,1.0,2.1288629706275515,0.0005319914252028823,0.5127874208966432
0.5,60.0,1.0,2.1214484926406385,0.0005136655883917762,0.5102326031872622
0.25,15.0,0.5,0.5332036574877748,0.00013474285808731667,0.12855702352422327
0.25,60.0,0.5,0.533078299343515,0.00013485047691771945,0.12850281833874533
0.25,15.0,0.65,0.5329956714490436,0.00013426396773577598,0.1284844702961152
0.25,60.0,0.65,0.5322576801626155,0.0001328591219663111,0.12822337950549922
0.25,15.0,1.0,0.5325275590306546,0.0001331347869197863,0.1283222099942236
0.25,60.0,1.0,0.5306616835342766,0.00012854085781136004,0.1276786737193163
0.125,15.0,0.5,0.13334051508195444,3.370325345396219e-05,0.03215517239966914
0.125,60.0,0.5,0.13330918293070226,3.373039629266106e-05,0.03214161868774568
0.125,15.0,0.65,0.13328835062952749,3.3583420886010296e-05,0.03213696810017552
0.125,60.0,0.65,0.1331033582500254,3.323204696895066e-05,0.032071499335430076
0.125,15.0,1.0,0.13317094071015845,3.33008464885598e-05,0.0320962550206616
0.125,60.0,1.0,0.13270293502370123,3.215080081066246e-05,0.03193476284168639
